1,1,KABARNET,ELDAMA RAVINE NURSING HOME,1,BARINGO
2,2,KABARNET,MERCY HOSPITAL ELDAMA RAVINE,1,BARINGO
3,3,KABARNET,RAVINE GLORY HEALTH CARE SERVICES,1,BARINGO
4,4,KABARNET,TIONYBEI MEDICAL CLINIC,1,BARINGO
5,5,ELDAMA RAVINE,TORONGO HEALTH CENTRE,1,BARINGO
6,6,KABARNET,BARINGO DISTRICT HOSPITAL (KABARNET),1,BARINGO
7,7,KABARNET,CHEMOLINGOT DISTRICT HOSPITAL,1,BARINGO
8,8,KABARNET,ELDAMA RAVINE  DISTRICT HOSPITAL,1,BARINGO
9,9,KABARNET,EMINING HEALTH CENTRE,1,BARINGO
10,10,KABARNET,ESAGERI HEALTH CENTER,1,BARINGO
11,11,KABARNET,KABARTONJO DISTRICT HOSPITAL,1,BARINGO
12,12,KABARNET,KIMALEL HEALTH CENTER,1,BARINGO
13,13,KABARNET,KISANANA HEALTH CENTRE,1,BARINGO
14,14,KABARNET,KOLOWA HEALTH CENTRE,1,BARINGO
15,15,KABARNET,MARIGAT SUB-DISTRICT HOSPITAL,1,BARINGO
16,16,KABARNET,MOCHONGOI HEALTH CENTRE,1,BARINGO
17,17,KABARNET,NGUBERETI HEALTH CENTRE,1,BARINGO
18,18,KABARNET,TENGES HEALTH CENTRE,1,BARINGO
19,1,BOMET,TENWEK HOSPITAL BOMET (SOTIK),2,BOMET
20,2,BOMET,LONGISA DISTRICT HOSPITAL,2,BOMET
21,3,BOMET,SIGOR SUB DISTRICT HOSPITAL,2,BOMET
22,4,BOMET,TEGAT HEALTH CENTRE,2,BOMET
23,5,SOTIK,CHEPTALAL SUB DISTRICT HOSPITAL,2,BOMET
24,6,SOTIK,NDANAI HEALTH CENTRE,2,BOMET
25,7,SOTIK,SIONGIROI HEALTH CENTRE,2,BOMET
26,8,SOTIK,SOTIK HEALTH CENTRE,2,BOMET
27,1,BUNGOMA,ELGON VIEW MEDICAL COTTAGE,3,BUNGOMA
28,2,BUNGOMA,LUMBOKA MEDICAL SERVICES,3,BUNGOMA
29,3,BUNGOMA,ST. DAMIANO MEDICAL HOSPITAL,3,BUNGOMA
30,4,BUNGOMA,SINOKO DISPENSARY,3,BUNGOMA
31,5,BUNGOMA,BUNGOMA DISTRICT HOSPITAL,3,BUNGOMA
32,6,BUNGOMA,CHEPTAIS SUB DISTRICT HOSPITAL,3,BUNGOMA
33,7,BUNGOMA,MT.ELGON DISTICT HOSPITAL,3,BUNGOMA
34,8,BUNGOMA,SIRISIA SUB DISTRICT HOSPITAL,3,BUNGOMA
35,9,KAKAMEGA,WEBUYE DISTRICT HOSPITAL,3,BUNGOMA
36,10,KAKAMEGA,WEBUYE HEALTH CENTRE,3,BUNGOMA
37,11,KAKAMEGA,NAITIRIRI SUB DISTRICT,3,BUNGOMA
38,12,MUMIAS,ICFEM DREAMLAND MISSION HOSPITAL,3,BUNGOMA
39,13,KAKAMEGA,NZOIA MEDICAL CENTRE,3,BUNGOMA
40,14,MUMIAS,BUMULA HEALTH CENTRE,3,BUNGOMA
41,15,MUMIAS,CHWELE SUB DISTRICT HOSPITAL,3,BUNGOMA
42,16,KAKAMEGA,FRIENDS LUGULU HOSPITAL,3,BUNGOMA
43,17,KAKAMEGA,KIMILILI DISTRICT HOSPITAL,3,BUNGOMA
44,1,BUSIA,BUTULA MISSION HOSPITAL (BUSIA),4,BUSIA
45,2,BUSIA,HOLY FAMILY HOSPITAL NANGINA,4,BUSIA
46,3,BUSIA,NEW BUSIA MATERNITY AND NURSING HOME,4,BUSIA
47,4,BUSIA,PESI MEDICAL CENTRE,4,BUSIA
48,5,BUSIA,ST.JOSEPH̍S AMUKURA MISSION HEALTH CENTR,4,BUSIA
49,6,BUSIA,TANAKA NURSING HOME,4,BUSIA
50,7,BUSIA,ALUPE HOSPITAL (BUSIA)OPC,4,BUSIA
51,8,BUSIA,AMUKURA HEALTH CENTRE,4,BUSIA
52,9,BUSIA,AMUKURA MISSION HEALTH CARE,4,BUSIA
53,10,BUSIA,BULAMA A. HEALTH CENTRE,4,BUSIA
54,11,BUSIA,BUMALA B. HEALTH CENTRE,4,BUSIA
55,12,BUSIA,BUSIA DISTRICT HOSPITAL,4,BUSIA
56,13,BUSIA,KARI(TRC)ALUPE HOSPITAL-BUSIA,4,BUSIA
57,14,BUSIA,KHUNYANGU DISTRICT HOSPITAL,4,BUSIA
58,15,BUSIA,PORT VICTORIA SUB-DISTRICT HOSPITAL,4,BUSIA
59,16,BUSIA,TESO DISTRICT HOSPITAL,4,BUSIA
60,17,MUMIAS,NAMBALE HEALTH CENTRE,4,BUSIA
61,18,MUMIAS,PORT VICTORIA SUB-DISTRICT HOSPITAL-OP,4,BUSIA
62,19,MUMIAS,SIO PORT DISTRICT HOSPITAL,4,BUSIA
63,20,MUMIAS,TESO DISTRICT HOSPITAL (OPC),4,BUSIA
64,21,MUMIAS,BUMALA A. HEALTH CENTRE,4,BUSIA
65,1,EMBU,ACEF ENA HEALTH CARE,6,EMBU
66,2,EMBU,COUNTY MEDICAL CENTRE,6,EMBU
67,3,EMBU,EMBU CHILDREN̍S HOSPITAL,6,EMBU
68,4,EMBU,JOY KIM NURSING HOME,6,EMBU
69,5,EMBU,LIBERTY MATERNITY & NURSING HOME,6,EMBU
70,6,EMBU,QUEENS & KINGS HEALTH CENTRE,6,EMBU
71,7,EMBU,ST. MICHAEL NURSING HOME,6,EMBU
72,8,EMBU,EMBU PROVINCIAL HOSPITAL,6,EMBU
73,9,EMBU,ISHIARA DISTRICT HOSPITAL EMBU,6,EMBU
74,10,EMBU,KARURUMO RURAL HEALTHTRAINING CENTRE,6,EMBU
75,11,EMBU,KIANJOKOMA SUB-DISTRICT HOSPITAL,6,EMBU
76,12,EMBU,MBEERE DISTRICT HOSPITAL,6,EMBU
77,13,EMBU,RUNYENJES SUB-DISTRICT HOSPITAL,6,EMBU
78,1,ELDORET,A.I.C KAPSOWAR HOSPITAL (ELDORET),6,ELGEYO MARAKWET
79,2,ELDORET,ARROR HEALTH CENTRE,6,ELGEYO MARAKWET
80,3,ELDORET,ITEN DISTRICT HOSPITAL (ELGEYO MARAKWET),6,ELGEYO MARAKWET
81,4,ELDORET,CHEBORORWA HEALTH CENTRE,6,ELGEYO MARAKWET
82,5,ELDORET,CHESONGOCH HEALTH CENTRE,6,ELGEYO MARAKWET
83,6,ELDORET,ENDO HEALTH CENTRE,6,ELGEYO MARAKWET
84,7,ELDORET,KAMWOSOR SUB DISTRICT HOSPITAL,6,ELGEYO MARAKWET
85,8,ELDORET,KAPCHEROP HEALTH CENTRE,6,ELGEYO MARAKWET
86,9,ELDORET,KAPKOI HEALTH CENTRE,6,ELGEYO MARAKWET
87,10,ELDORET,KAPTARAKWA SUB DISTRICT HOSPITAL,6,ELGEYO MARAKWET
88,11,ELDORET,KOCHOLWO SUB DISTRICT HOSPITAL,6,ELGEYO MARAKWET
89,12,ELDORET,MOGIL HEALTH CENTRE,6,ELGEYO MARAKWET
90,13,ELDORET,TAMBACH DISTRICT HOSPITAL,6,ELGEYO MARAKWET
91,1,GARISSA,"EXCEL HEALTH SERVICES, GARISSA",7,GARISSA
92,2,GARISSA,GARISSA MOTHER & CHILD HEALTH CARE,7,GARISSA
93,3,GARISSA,GARISSA NURSING HOME,7,GARISSA
94,4,GARISSA,MEDINA HOSPITAL,7,GARISSA
95,5,GARISSA,PINNACLE HEALTH CARE SERVICES,7,GARISSA
96,6,GARISSA,SIMAHO MCH/FP CLINIC,7,GARISSA
97,7,GARISSA,TAWHEED COMMUNITY,7,GARISSA
98,8,GARISSA,WARSAN HEALTH SERVICES,7,GARISSA
99,9,GARISSA,BALAMBALA SUB-COUNTY HOSPITAL,7,GARISSA
100,10,GARISSA,DADAAB DISTRICT HOSPITAL,7,GARISSA
101,11,GARISSA,HULUGHO SUB-DISTRICT HOSPITAL,7,GARISSA
102,12,GARISSA,IFTTIN SUB-DISTRICT HOSPITAL,7,GARISSA
103,13,GARISSA,IJARA DISTRICT HOSPITAL,7,GARISSA
104,14,GARISSA,MASALANI DISTRICT HOSPITAL,7,GARISSA
105,15,GARISSA,MODOGASHE DISTRICT HOSPITAL,7,GARISSA
106,16,GARISSA,PROVINCIAL GENERAL HOSPITAL GARISSA,7,GARISSA
107,1,HOMA BAY,ACORN COMMUNITY HOSPITAL,8,HOMABAY
108,2,HOMA BAY,ASUMBI MISSION HEALTH CENTRE,8,HOMABAY
109,3,HOMA BAY,KENDU MISSION HOSPITAL (KENDU BAY),8,HOMABAY
110,4,HOMA BAY,MATATA NURSING & MATERNITY HOME,8,HOMABAY
111,5,HOMA BAY,PORT FLORENCE COMMUNITY HOSPITAL,8,HOMABAY
112,6,HOMA BAY,PORT FLORENCE MBITA CLINIC,8,HOMABAY
113,7,HOMA BAY,SIMBIRI NAN BELL COMMUNITY HEALTH CENTRE,8,HOMABAY
114,8,HOMA BAY,ST. ELIZABETH NDISI HEALTH CENTRE,8,HOMABAY
115,9,HOMA BAY,ST. LAWRENCE MEDICAL CLINIC-RODI KOPA,8,HOMABAY
116,10,HOMA BAY,HOMABAY DISTRICT HOSPITAL,8,HOMABAY
117,11,HOMA BAY,KANDIEGE SUB DISTRICT HOSPITAL,8,HOMABAY
118,12,HOMA BAY,KENDU SUB-DISTRICT HOSPTAL,8,HOMABAY
119,13,HOMA BAY,MBITA SUB-DISTRICT HOSPITAL,8,HOMABAY
120,14,HOMA BAY,NDHIWA SUB DISTRICT HOSPITAL,8,HOMABAY
121,15,HOMA BAY,OTHORO HEALTH CENTRE,8,HOMABAY
122,16,HOMA BAY,RACHUONYO DISTRICT HOSPITAL,8,HOMABAY
123,17,HOMA BAY,SUBA DISTRICT HOSPITAL,8,HOMABAY
124,18,HOMA BAY,TOM MBOYA HEALTH CENTRE,8,HOMABAY
125,19,HOMA BAY,WAGWE HEALTH CENTRE,8,HOMABAY
126,1,ISIOLO,ACK ISIOLO DISPENSARY,9,ISIOLO
127,2,ISIOLO,AL-FALAH MEDICAL CENTRE & NURSING HOME,9,ISIOLO
128,3,ISIOLO,APOSTOLIC VICARIATE OF ISIOLO MATERCARE,9,ISIOLO
129,4,ISIOLO,IQRA MEDICAL CENTRE AND NURSING HOME,9,ISIOLO
130,5,ISIOLO,ISIOLO CATHOLIC DISPENSARY,9,ISIOLO
131,6,ISIOLO,ISIOLO CENTRAL MEDICAL CLINIC,9,ISIOLO
132,7,ISIOLO,ISIOLO COUNTY NURSING HOME,9,ISIOLO
133,8,ISIOLO,LEWA CLINIC PRIVATE BAG ISIOLO,9,ISIOLO
134,9,ISIOLO,WASO MEDICAL SERVICES & NURSING HOME,9,ISIOLO
135,10,ISIOLO,GABARTULLA DISTRICT HOSPITAL,9,ISIOLO
136,11,ISIOLO,ISIOLO DISTRICT HOSPITAL,9,ISIOLO
137,1,KAJIADO,BEACON OF HOPE,10,KAJIADO
138,2,KAJIADO,ASSISI NURSING HOME,10,KAJIADO
139,3,KAJIADO,IMHOTEP MEDICARE CENTRE,10,KAJIADO
140,4,KAJIADO,KITENGELA MEDICAL SERVICES-KAJIADO,10,KAJIADO
141,5,KAJIADO,KITENGELA PONA SERVICES,10,KAJIADO
142,6,KAJIADO,LEXA MEDICAL CENTRE,10,KAJIADO
143,7,KAJIADO,MARIAKANI COTTAGE HOSPITAL MLOLONGO,10,KAJIADO
144,8,KAJIADO,S.U.C.O.S HOSPITAL,10,KAJIADO
145,9,KAJIADO,TOPCARE NURSING HOME,10,KAJIADO
146,10,KITENGELA,A.I.C KAJIADO DISPENSARY,10,KAJIADO
147,11,KITENGELA,ATHI COMPLEX $ COMMUNITY HEALTH,10,KAJIADO
148,12,KITENGELA,ATHI RIVER MEDICAL SERVICES,10,KAJIADO
149,13,KITENGELA,ATHI-RIVER SHALOM COMMUNITY HOSPITAL,10,KAJIADO
150,14,KITENGELA,EAST AFRICAN PORTLAND STAFF CLINIC,10,KAJIADO
151,15,KITENGELA,FATHER ADRIANO BONFANTI CATHOLIC,10,KAJIADO
152,16,KITENGELA,FATIMA HEALTH CENTRE LENKISEM,10,KAJIADO
153,19,KITENGELA,KITENGELA MEDICAL CENTRE,10,KAJIADO
154,20,KITENGELA,MAWEPI MEDICAL $ HIV AIDS,10,KAJIADO
155,21,KITENGELA,PENDA HEALTH LIMITED,10,KAJIADO
156,22,KITENGELA,ST. PAULS HEALTH SERVICES,10,KAJIADO
157,23,LOITOKTOK,ROMBO MISSION HOSPITAL,10,KAJIADO
158,24,ONGATA RONGAI,FATIMA MATERNITY HOSPITAL,10,KAJIADO
159,25,ONGATA RONGAI,MAGADI SODA COMPANY HOSPITAL MAGADI,10,KAJIADO
160,26,ONGATA RONGAI,MARIAKANI COTTAGE HOSPITAL,10,KAJIADO
161,27,ONGATA RONGAI,MATASIA NURSING HOME,10,KAJIADO
162,28,ONGATA RONGAI,MILIKI AFYA LIMITED,10,KAJIADO
163,29,ONGATA RONGAI,NGONG̍ RAPHA HOSPITAL,10,KAJIADO
164,30,ONGATA RONGAI,ST. MARY̍S HEALTH CENTRE - KISERIAN,10,KAJIADO
165,31,ONGATA RONGAI,WAMA NURSING HOME,10,KAJIADO
166,32,ONGATA RONGAI,ZAMZAM MEDICAL SERVICES,10,KAJIADO
167,33,ONGATA RONGAI,LANGATA HOSPITAL,10,KAJIADO
168,34,KAJIADO,BISSIL HEALTH CENTRE,10,KAJIADO
169,35,KAJIADO,ENTARA HEALTH CENTRE,10,KAJIADO
170,36,KAJIADO,IMMURTOT HEALTH CENTRE,10,KAJIADO
171,37,KAJIADO,KAJIADO DISTRICT HOSPITAL,10,KAJIADO
172,38,KAJIADO,KITENGELA SUB-DISTRICT HOSPITAL,10,KAJIADO
173,39,KAJIADO,NAMANGA HEALTH CENTRE,10,KAJIADO
174,40,KITENGELA,ENTARARA HEALTH CENTRE,10,KAJIADO
175,41,KITENGELA,ISINYA HEALTH CENTRE,10,KAJIADO
176,42,KITENGELA,KIMANA HEALTH CENTRE,10,KAJIADO
177,43,KITENGELA,LOITOKTOK DISTRICT HOSPITAL,10,KAJIADO
178,44,KITENGELA,MAKADARA HEALTH CARE,10,KAJIADO
179,45,ONGATA RONGAI,ENTASOPIA HEALTH CENTRE,10,KAJIADO
180,46,ONGATA RONGAI,KAREN HEALTH CENTRE,10,KAJIADO
181,47,ONGATA RONGAI,NGONG SUB-DISTRICT HOSPITAL,10,KAJIADO
182,48,ONGATA RONGAI,ONGATA RONGAI HEALTH CENTRE,10,KAJIADO
183,1,KAKAMEGA,CENTRAL MATERNITY & NURSING HOME,11,KAKAMEGA
184,2,KAKAMEGA,EQUATOR MEDICAL SERVICES,11,KAKAMEGA
185,4,KAKAMEGA,JUMUIA FRIENDS HOSPITAL,11,KAKAMEGA
186,5,KAKAMEGA,KAKAMEGA ORTHOPAEDIC HOSPITAL,11,KAKAMEGA
187,6,KAKAMEGA,LUPE MEDICAL CENTRE,11,KAKAMEGA
188,7,KAKAMEGA,NALA MATERNITY & NURSING HOME,11,KAKAMEGA
189,9,KAKAMEGA,ROYAL GARDENS HOSPITAL-KAKAMEGA,11,KAKAMEGA
190,10,KAKAMEGA,ST. CHARLES LWANGA HEALTH CENTRE,11,KAKAMEGA
191,11,KAKAMEGA,ST. ELIZABETH HOSPITAL (MUKUMU),11,KAKAMEGA
192,12,KAKAMEGA,ST. MARTHA̍S CHIMOI HEALTH CENTRE,11,KAKAMEGA
193,13,KAKAMEGA,TROPICAL CLINIC KAKAMEGA,11,KAKAMEGA
194,14,MUMIAS,BUKAYA MEDICAL CENTRE,11,KAKAMEGA
195,16,MUMIAS,SONAK COMMUNITY MEDICAL CENTRE,11,KAKAMEGA
196,17,MUMIAS,ST. MARY̍S HOSPITAL (MUMIAS),11,KAKAMEGA
197,18,KAKAMEGA,ADMINISTRATION POLICE DISPENSARY,11,KAKAMEGA
198,19,KAKAMEGA,BAHAI DISPENSARY,11,KAKAMEGA
199,20,KAKAMEGA,BANJA HEALTH CENTRE,11,KAKAMEGA
200,21,KAKAMEGA,BUKURA HEALTH CENTRE,11,KAKAMEGA
201,22,KAKAMEGA,BUKURA RURAL HEALTH DEMONSTRATION,11,KAKAMEGA
202,23,KAKAMEGA,BUSHIRI HEALTH CENTRE,11,KAKAMEGA
203,24,KAKAMEGA,CHOMBELI HEALTH CENTRE,11,KAKAMEGA
204,25,KAKAMEGA,EBUSIRATSI HEALTH CENTRE,11,KAKAMEGA
205,26,KAKAMEGA,EKWANDA HEALTH CENTRE,11,KAKAMEGA
206,27,KAKAMEGA,ELWESORO HEALTH CENTRE,11,KAKAMEGA
207,28,KAKAMEGA,EMUHAYA SUB-DISTRICT HOSPITAL,11,KAKAMEGA
208,29,KAKAMEGA,ENZARO HEALTH CENTRE,11,KAKAMEGA
209,30,KAKAMEGA,GIVUDIMBULI HEALTH CENTRE,11,KAKAMEGA
210,31,KAKAMEGA,HAMISI SUB-DISTRICT HOSPITAL,11,KAKAMEGA
211,32,KAKAMEGA,IGUHU DISTRICT HOSPITAL,11,KAKAMEGA
212,33,KAKAMEGA,ILEHO HEALTH CENTRE,11,KAKAMEGA
213,34,KAKAMEGA,IMBIAKALO HEALTH CENTRE,11,KAKAMEGA
214,35,KAKAMEGA,IPALI HEALTH CENTRE,11,KAKAMEGA
215,36,KAKAMEGA,KAMBIRI HEALTH CENTRE,11,KAKAMEGA
216,37,KAKAMEGA,KEGONDI HEALTH CENTRE,11,KAKAMEGA
217,38,KAKAMEGA,KILIGILI HEALTH CENTRE,11,KAKAMEGA
218,39,KAKAMEGA,LUGARI DISTRICT HOSPITAL,11,KAKAMEGA
219,40,KAKAMEGA,LUMAKANDA DISTRICT HOSPITAL-LUGARI,11,KAKAMEGA
220,41,KAKAMEGA,MABUSI HEALTH CENTRE,11,KAKAMEGA
221,42,KAKAMEGA,MAKUNGA RURAL DEMONSTRATION,11,KAKAMEGA
222,43,KAKAMEGA,MALAVA DISTRICT HOSPITAL,11,KAKAMEGA
223,44,KAKAMEGA,MATETE HEALTH CENTRE,11,KAKAMEGA
224,45,KAKAMEGA,MATUNDA SUB-DISTRICT HOSPITAL,11,KAKAMEGA
225,46,KAKAMEGA,MATURU DISPENSARY,11,KAKAMEGA
226,47,KAKAMEGA,MAUTUMA SUB-DISTRICT HOSPITAL,11,KAKAMEGA
227,48,KAKAMEGA,MBALE PROVINCIAL RURAL HEALTH CENTRE,11,KAKAMEGA
228,49,KAKAMEGA,NABONGO DISPENSARY,11,KAKAMEGA
229,50,KAKAMEGA,NAVAKHOLO SUB DISTRICT HOSPITAL,11,KAKAMEGA
230,51,KAKAMEGA,PROVINCIAL GENERAL HOSPITAL KAKAMEGA,11,KAKAMEGA
231,52,KAKAMEGA,SEREM HEALTH CENTRE,11,KAKAMEGA
232,53,KAKAMEGA,SHAMAKHOHO HEALTH CENTRE,11,KAKAMEGA
233,54,KAKAMEGA,SHIBWE SUB-DISTRICT HOSPITAL,11,KAKAMEGA
234,55,KAKAMEGA,SHINYALU HEALTH CENTRE,11,KAKAMEGA
235,56,KAKAMEGA,SHIRU  HEALTH CENTRE,11,KAKAMEGA
236,57,KAKAMEGA,SHISESO HEALTH CENTRE,11,KAKAMEGA
237,58,KAKAMEGA,ST. MARTHA̍S CHIMOI HEALTH CENTRE,11,KAKAMEGA
238,59,KAKAMEGA,ST. PIUS MUSOLI HEALTH CENTRE,11,KAKAMEGA
239,60,KAKAMEGA,TIGOI HEALTH CENTRE,11,KAKAMEGA
240,61,KAKAMEGA,VIHIGA HEALTH CENTRE,11,KAKAMEGA
241,62,MUMIAS,BUKAYA HEALTH CENTRE,11,KAKAMEGA
242,63,MUMIAS,BUTERE DISTRICT HOSPITAL,11,KAKAMEGA
243,64,MUMIAS,KHWISWERO HEALTH CENTRE,11,KAKAMEGA
244,65,MUMIAS,MAKUNGA HEALTH CENTRE,11,KAKAMEGA
245,66,MUMIAS,MANYALA SUB-DISTRICT HOSPITAL,11,KAKAMEGA
246,67,MUMIAS,MATUNGU SUB-DISTRICT HOSPITAL,11,KAKAMEGA
247,1,KERICHO,A.I.C. LITEIN COTTAGE HOSPITAL KERICHO,12,KERICHO
248,2,KERICHO,GREENVIEW NURSING HOME,12,KERICHO
249,3,KERICHO,SILOAM HOSPITAL,12,KERICHO
250,4,KERICHO,ST. LEONARDS HOSPITAL LIMITED,12,KERICHO
251,5,KERICHO,UNILEVER TEA (K) LTD-CENTRAL HOSPITAL,12,KERICHO
252,6,KERICHO,AINAMOI HEALTH CENTRE,12,KERICHO
253,7,KERICHO,KABIANGA HEALTH CENTRE,12,KERICHO
254,8,KERICHO,KAPKATET DISTRICT HOSPITAL,12,KERICHO
255,9,KERICHO,KERICHO DISTRICT HOSPITAL,12,KERICHO
256,10,KERICHO,LONDIANI DISTRICT HOSPITAL,12,KERICHO
257,11,KERICHO,SIGOWET SUB DISTRICT HOSPITAL,12,KERICHO
258,1,KIAMBU,BETA CARE HOSPITAL LIMITED,13,KIAMBU COUTNY
259,2,KIAMBU,GARDEN PARK MEDICAL CENTRE,13,KIAMBU COUTNY
260,3,KIAMBU,HOLY FAMILY CATHOLIC MISSION HOSPITAL,13,KIAMBU COUTNY
261,4,KIAMBU,KIAMBU MEDICAL CENTRE,13,KIAMBU COUTNY
262,5,KIAMBU,MERCY LIGHT HOSPITAL,13,KIAMBU COUTNY
263,6,KIAMBU,NAZARETH HOSPITAL RIARA RIDGE,13,KIAMBU COUTNY
264,7,KIAMBU,NAZARETH HOSPITAL RUIRU,13,KIAMBU COUTNY
265,8,KIAMBU,RADIANT GROUP HOSPITALS - KIAMBU,13,KIAMBU COUTNY
266,9,KIAMBU,ST MARYS̍ MOTHER AND CHILD MEDICAL CENTRE,13,KIAMBU COUTNY
267,10,KIAMBU,ST.TERESA HOSPITAL KIAMBU,13,KIAMBU COUTNY
268,11,KIAMBU,SUNVIEW MATERNITY AND NURSING HOME,13,KIAMBU COUTNY
269,12,KIAMBU,CREATIVE MEDICAL SERVICES,13,KIAMBU COUTNY
270,13,LIMURU,A.I.C KIJABE MEDICAL CENTRE,13,KIAMBU COUTNY
271,14,LIMURU,AIC -CURE INTERNATIONAL CHILDREN̍S HOS,13,KIAMBU COUTNY
272,15,LIMURU,AKSHAR HEALTH CARE LIMITED,13,KIAMBU COUTNY
273,16,LIMURU,KIMENDE ORTHODOX MISSION H/CENTRE,13,KIAMBU COUTNY
274,17,LIMURU,LIMURU NURSING HOME,13,KIAMBU COUTNY
275,18,LIMURU,MARY HELPER OF THE SICK NGARARIGA H/ CENT,13,KIAMBU COUTNY
276,19,LIMURU,OUR LADY̍S HOSPICE,13,KIAMBU COUTNY
277,20,LIMURU,P.C.E.A HOSPITAL KIKUYU,13,KIAMBU COUTNY
278,21,LIMURU,ST. IMMACULATE HEART HOSPITAL,13,KIAMBU COUTNY
279,22,LIMURU,ST. PAUL̍S UNIVERSITY HEALTH CENTRE,13,KIAMBU COUTNY
280,23,LIMURU,ST.TERESA KIKUYU MATERNITY & NUR. HOME,13,KIAMBU COUTNY
281,24,LIMURU,THE RETREAT (REHABILITATION CENTRE),13,KIAMBU COUTNY
282,25,LIMURU,TURNMED HEALTH SERVICES,13,KIAMBU COUTNY
283,26,RUIRU,ST MARGARET CLINIC JUJA,13,KIAMBU COUTNY
284,27,THIKA,GATUNDU WOMENS HOSPITAL,13,KIAMBU COUTNY
285,28,THIKA,J. K. U. A. T. HOSPITAL,13,KIAMBU COUTNY
286,29,THIKA,KALIMONI MISSION HOSPITAL,13,KIAMBU COUTNY
287,30,THIKA,THIKA NURSING HOME (THIKA),13,KIAMBU COUTNY
288,31,THIKA,TRANSCON WENDO MEDICAL SERVICES,13,KIAMBU COUTNY
289,32,THIKA,AFRICAN MUSLIMS AGENCY HEALTH CENTRE,13,KIAMBU COUTNY
290,33,THIKA,ASSUMPTION OF MARY CATHOLIC DISPENSARY,13,KIAMBU COUTNY
291,34,THIKA,CENTRAL MEMORIAL HOSPITAL (THIKA),13,KIAMBU COUTNY
292,35,THIKA,DANIEL COMBONI DISPENSARY,13,KIAMBU COUTNY
293,36,THIKA,DONYO SABUK MAT & NUR HOME,13,KIAMBU COUTNY
294,37,THIKA,FAMILY CARE MEDICAL CENTRE,13,KIAMBU COUTNY
295,38,THIKA,GALAXY MEDICARE CONSULTANTS,13,KIAMBU COUTNY
296,39,THIKA,IMMACULATE HEART OF MARY HOSPITAL,13,KIAMBU COUTNY
297,40,THIKA,MARY HELP OF THE SICK MISSION HOSP.,13,KIAMBU COUTNY
298,41,THIKA,MT.SINAI HOSPITAL,13,KIAMBU COUTNY
299,42,THIKA,NAIDU HOSPITAL,13,KIAMBU COUTNY
300,43,THIKA,PLAINSVIEW NURSING HOME,13,KIAMBU COUTNY
301,44,THIKA,ST. JUDE NURSING HOME,13,KIAMBU COUTNY
302,45,THIKA,ST. MATIA MULUMBA HOSPITAL,13,KIAMBU COUTNY
303,46,LIMURU,LIMURU HEALTH CENTRE,13,KIAMBU COUTNY
304,47,THIKA,KANJAMA DISPENSARY,13,KIAMBU COUTNY
305,48,KIAMBU,KIAMBU DISTRICT HOSPITAL,13,KIAMBU COUTNY
306,49,KIAMBU,NGEWA HEALTH CENTRE,13,KIAMBU COUTNY
307,50,LIMURU,IGEGANIA SUB-DISTRICT HOSPITAL,13,KIAMBU COUTNY
308,51,LIMURU,KINALE HEALTH CENTRE,13,KIAMBU COUTNY
309,52,LIMURU,LARI HEALTH CENTRE,13,KIAMBU COUTNY
310,53,LIMURU,NDEIYA HEALTH CENTRE,13,KIAMBU COUTNY
311,54,LIMURU,NGORONGO HEALTH CENTRE,13,KIAMBU COUTNY
312,55,LIMURU,TIGONI DISTRICT HOSPITAL,13,KIAMBU COUTNY
313,56,LIMURU,WANGIGE HEALTH CENTRE,13,KIAMBU COUTNY
314,57,RUIRU,G.S.U HEALTH CENTRE RUIRU,13,KIAMBU COUTNY
315,58,RUIRU,RUIRU PRISONS STAFF TRAINING COLLEGE HEALTH,13,KIAMBU COUTNY
316,59,THIKA,GAKOE HEALTH CENTRE,13,KIAMBU COUTNY
317,60,THIKA,GATUNDU DISTRICT HOSPITAL,13,KIAMBU COUTNY
318,61,THIKA,GITARE HEALTH CENTRE,13,KIAMBU COUTNY
319,62,THIKA,IGEGANIA HEALTH CENTRE,13,KIAMBU COUTNY
320,63,THIKA,ITHANGA HEALTH CENTRE,13,KIAMBU COUTNY
321,64,THIKA,JUJA FARM HEALTH CENTRE,13,KIAMBU COUTNY
322,65,THIKA,KARATU HEALTH CENTRE,13,KIAMBU COUTNY
323,66,THIKA,MUNYU HEALTH CENTRE,13,KIAMBU COUTNY
324,67,THIKA,NGENDA HEALTH CENTRE,13,KIAMBU COUTNY
325,68,THIKA,NGOLIBA HEALTH CENTRE,13,KIAMBU COUTNY
326,69,THIKA,RUIRU SUB DISTRICT HOSPITAL,13,KIAMBU COUTNY
327,70,THIKA,THIKA HEALTH CENTRE,13,KIAMBU COUTNY
328,71,THIKA,THIKA LEVEL 5 HOSPITAL,13,KIAMBU COUTNY
329,1,MALINDI,BENEDICTO XVI HEALTH CENTRE,14,KILIFI
330,2,MALINDI,MAIMOON MEDICAL CENTRE,14,KILIFI
331,3,MALINDI,STAR HOSPITAL,14,KILIFI
332,4,MALINDI,TAWFIQ HOSPITAL,14,KILIFI
333,5,MALINDI,WATAMU NURSING HOME,14,KILIFI
334,6,MOMBASA,ALFAROOQ HOSPITAL,14,KILIFI
335,7,KILIFI,MEPHI HEALTH SERVICES,14,KILIFI
336,8,KILIFI,NEW WANANCHI MATERNITY AND NURSING HOME,14,KILIFI
337,9,KILIFI,PWANI MATERNITY AND NURSING HOME,14,KILIFI
338,10,MTWAPA,RGC OASIS MEDICAL CENTRE,14,KILIFI
339,11,MTWAPA,SWISS COTTAGE HOSPITAL,14,KILIFI
340,12,KILIFI,BAMBA SUB-DISTRICT HOSPITAL,14,KILIFI
341,13,KILIFI,CHASIMBA HEALTH CENTRE,14,KILIFI
342,14,KILIFI,GANZE HEALTH CENTRE,14,KILIFI
343,15,KILIFI,GOTANI MODEL HEALTH CENTRE,14,KILIFI
344,16,KILIFI,KILIFI DISTRICT HOSPITAL,14,KILIFI
345,17,KILIFI,MATSANGONI MODEL HEALTH CENTRE,14,KILIFI
346,18,KILIFI,VIPINGO HEALTH CENTRE,14,KILIFI
347,19,KILIFI,VITENGENI HEALTH CENTRE,14,KILIFI
348,20,MALINDI,GEDE HEALTH CENTRE,14,KILIFI
349,21,MALINDI,GONGONI HEALTH CENTRE,14,KILIFI
350,22,MALINDI,MALINDI DISTRICT HOSPITAL,14,KILIFI
351,23,MALINDI,MARAFA HEALTH CENTRE,14,KILIFI
352,24,MALINDI,MUYEYE HEALTH CENTRE,14,KILIFI
353,25,MALINDI,TAKAUNGU DISPENSARY,14,KILIFI
354,26,MTWAPA,MTWAPA HEALTH CENTRE,14,KILIFI
355,1,KERUGOYA,ACK MOUNT KENYA HOSPITAL,15,KIRINYAGA
356,2,KERUGOYA,COMRADE NURSING HOME,15,KIRINYAGA
357,3,KERUGOYA,KAGIO NURSING HOME,15,KIRINYAGA
358,4,KERUGOYA,KERUGOYA CATHOLIC HEALTH CENTRE,15,KIRINYAGA
359,5,KERUGOYA,KERUGOYA MEDICAL CENTRE,15,KIRINYAGA
360,6,KERUGOYA,MWEA MEDICAL CENTRE,15,KIRINYAGA
361,7,KERUGOYA,NGURUBANI MEDICAL SERVICES,15,KIRINYAGA
362,8,KERUGOYA,OUR LADY OF LOURDES MWEA HOSPITAL,15,KIRINYAGA
363,9,KERUGOYA,KERUGOYA DISTRICT HOSPITAL,15,KIRINYAGA
364,10,KERUGOYA,KIANYAGA SUB-DISTRICT HOSPITAL,15,KIRINYAGA
365,11,KERUGOYA,KIMBIMBI SUB-DISTRICT HOSPITAL,15,KIRINYAGA
366,12,KERUGOYA,KUTUS DISPENSARY,15,KIRINYAGA
367,13,KERUGOYA,THIBA HEALTH CENTRE,15,KIRINYAGA
368,1,KISII,BOSONGO MEDICAL CENTRE,16,KISII
369,2,KISII,GETEMBE NURSING HOME,16,KISII
370,3,KISII,GUCHA COTTAGE MATERNITY & NURSING HOME,16,KISII
371,4,KISII,ISANA NURSING HOME,16,KISII
372,5,KISII,NYANCHWA ADVENTIST MEDICAL CENTRE,16,KISII
373,6,KISII,NYANGENA HOSPITAL,16,KISII
374,7,KISII,OASIS DOCTOR̍S PLAZA,16,KISII
375,8,KISII,OGEMBO MEDICAL CENTRE,16,KISII
376,9,KISII,ROPMENT MEDICAL CENTRE,16,KISII
377,10,KISII,EBEREGE DISPENSARY,16,KISII
378,11,KISII,ETAGO SUB DISTRICT HOSPITAL,16,KISII
379,12,KISII,GESUSU SUB-DISTRICT HOSPITAL,16,KISII
380,13,KISII,GUCHA DISTRICT HOSPITAL,16,KISII
381,14,KISII,IRANDA HEALTH CENTRE,16,KISII
382,15,KISII,IYABE DISTRICT HOSPITAL,16,KISII
383,16,KISII,KENYENYA DISTRICT HOSPITAL,16,KISII
384,17,KISII,KEUMBU SUB DISTRICT HOSPITAL,16,KISII
385,18,KISII,KIONYO HEALTH CENTRE,16,KISII
386,19,KISII,KISII CAMPUS MEDICAL CENTRE,16,KISII
387,20,KISII,KISII LEVEL V HOSPITAL,16,KISII
388,21,KISII,MARANI DISTRICT HOSPITAL,16,KISII
389,22,KISII,MASIMBA SUB DISTRICT HOSPITAL,16,KISII
390,23,KISII,NDURU DISTRICT HOSPITAL,16,KISII
391,24,KISII,NYACHEKI SUB DISTRICT HOSPITAL,16,KISII
392,25,KISII,NYAMACHE DISTRICT HOSPITAL,16,KISII
393,26,KISII,NYAMAGONDO HEALTH CENTRE,16,KISII
394,27,KISII,NYAMAIYA HEALTH CENTRE,16,KISII
395,28,KISII,NYATIKE HEALTH CENTRE,16,KISII
396,29,KISII,ORESI HEALTH CENTRE,16,KISII
397,30,KISII,RIANA HEALTH CENTRE,16,KISII
398,31,KISII,RIONTANCHI HEALTH CENTRE,16,KISII
399,32,KISII,SOUTH GUCHA DISTRICT HOSPITAL,16,KISII
400,33,KISII,TABAKA MISSION HOSPITAL (KISII),16,KISII
401,1,KISUMU,AWASI CATHOLIC MISSION HOSPITAL,17,KISUMU
402,2,KISUMU,BOYA RURAL NURSING HOME,17,KISUMU
403,3,KISUMU,CARE PLUS MEDICAL SERVICES,17,KISUMU
404,4,KISUMU,COPTIC NURSING HOME MASENO,17,KISUMU
405,5,KISUMU,DUNGA MATERNITY & NURSING HOME,17,KISUMU
406,6,KISUMU,HOLY FAMILY CATHOLIC MISSION HOSPITAL,17,KISUMU
407,7,KISUMU,INUKA MEDICAL CENTRE KISUMU,17,KISUMU
408,8,KISUMU,JALARAM NURSING & MATERNITY HOME,17,KISUMU
409,9,KISUMU,MAMA PILISTA HEALTH CENTRE,17,KISUMU
410,10,KISUMU,MASABA HOSPITAL LIMITED,17,KISUMU
411,11,KISUMU,MILIMANI MATERNITY HOSPITAL,17,KISUMU
412,12,KISUMU,NYABONDO CENTRE FOR THE DISABLED,17,KISUMU
413,13,KISUMU,OGRA MEDICAL CENTRE & COMMUNITY,17,KISUMU
414,14,KISUMU,PORT FLORENCE COMM HOSPITAL-MEGA PLAZA,17,KISUMU
415,15,KISUMU,RACHAR SUGAR BELT NURSING HOME,17,KISUMU
416,16,KISUMU,SANTA JANE NURSING HOME & MATERNITY SERV,17,KISUMU
417,17,KISUMU,ST. CLARE̍S BOLO HEALTH CENTRE,17,KISUMU
418,18,KISUMU,ST. CONSOLATA KISUMU HOSPITAL,17,KISUMU
419,19,KISUMU,ST. ELIZABETH CHIGA DISPENSARY,17,KISUMU
420,20,KISUMU,ST. JOSEPH̍S HOSPITAL (NYABONDO),17,KISUMU
421,21,KISUMU,ST. LUKES MEDICAL CENTRE,17,KISUMU
422,22,KISUMU,ST. MONICA̍S HOSPITAL,17,KISUMU
423,23,KISUMU,STAR CHILDREN HOSPITAL,17,KISUMU
424,24,KISUMU,THE JONES AND RINGROAD COMMUNITY,17,KISUMU
425,25,KISUMU,THE PORT FLORENCE COMMUNITY HOSPITAL,17,KISUMU
426,26,KISUMU,KISUMU EAST DISTRICT HOSPITAL,17,KISUMU
427,27,KISUMU,AHERO SUB DISTRICT HOSPITAL,17,KISUMU
428,28,KISUMU,THE HOPE MEDICAL CENTRE-AWASI,17,KISUMU
429,29,KISUMU,CHULAIMBO SUB DISTRICT HOSPITAL,17,KISUMU
430,30,KISUMU,GITA HEALTH CENTRE,17,KISUMU
431,31,KISUMU,KATITO HEALTH CENTRE,17,KISUMU
432,32,KISUMU,KISUMU DISTRICT HOSPITAL (KISUMU),17,KISUMU
433,33,KISUMU,KODIAGA PRISON HEALTH CENTRE,17,KISUMU
434,34,KISUMU,KOMBEWA DISTRICT HOSPITAL,17,KISUMU
435,35,KISUMU,LUMUMBA HEALTH CENTRE,17,KISUMU
436,36,KISUMU,MASOGO SUB-DISTRICT HOSPITAL,17,KISUMU
437,37,KISUMU,MIGOSI HEALTH CENTRE,17,KISUMU
438,38,KISUMU,MUHORONI SUB-DISTRICT HOSPITAL,17,KISUMU
439,39,KISUMU,NYAHERA SUB-DISTRICT HOSPITAL,17,KISUMU
440,40,KISUMU,NYANDO DISTRICT HOSPITAL,17,KISUMU
441,41,KISUMU,OBER KAMOTH HEALTH CENTRE,17,KISUMU
442,42,KISUMU,PROVINCIAL GENERAL HOSPITAL KISUMU,17,KISUMU
443,43,KISUMU,VICTORIA HOSPITAL (KISUMU),17,KISUMU
444,1,KITUI,AFYA BORA CLINIC MUTOMO,18,KITUI
445,2,KITUI,AIC MULANGO HEALTH CENTRE,18,KITUI
446,3,KITUI,AIC ZOMBE DISPENSARY,18,KITUI
447,4,KITUI,IKUTHA FAITH NURSING HOME,18,KITUI
448,5,KITUI,IKUTHA MEDICARE CLINIC,18,KITUI
449,6,KITUI,JORDAN HOSPITAL,18,KITUI
450,7,KITUI,KAVISUNI CATHOLIC DISPENSARY,18,KITUI
451,8,KITUI,MUMBUNI MATERNITY & NURSING HOME,18,KITUI
452,9,KITUI,MUTHALE MISSION HOSPITAL (KITUI),18,KITUI
453,10,KITUI,MUTOMO MISSION HOSPITAL (MUTOMO),18,KITUI
454,11,KITUI,MWINGI FAMILY NURSING HOME,18,KITUI
455,12,KITUI,NEEMA HOSPITAL,18,KITUI
456,13,KITUI,REHOBOTH MATERNITY & NURSING HOME,18,KITUI
457,14,KITUI,TAHIDI NURSING HOME (MWINGI),18,KITUI
458,15,KITUI,TEI WA YESU HOSPITAL,18,KITUI
459,16,KITUI,THE KITUI MATERNITY & NURSING HOME,18,KITUI
460,17,MWINGI,MWINGI MEDICARE CENTRE,18,KITUI
461,18,MWINGI,MWINGI NURSING HOME,18,KITUI
462,19,KITUI,IKANGA SUB-DISTRICT HOSPITAL,18,KITUI
463,20,KITUI,KANYANGI SUB-DISTRICT HOSPITAL,18,KITUI
464,21,KITUI,KATULANI SUB-DISTRICT HOSPITAL,18,KITUI
465,22,KITUI,KAUWI SUB-DISTRICT HOSPITAL,18,KITUI
466,23,KITUI,KITUI DISTRICT HOSPITAL,18,KITUI
467,24,KITUI,KYUSO DISTRICT HOSPITAL,18,KITUI
468,25,KITUI,MIGWANI SUB-DISTRICT HOSPITAL,18,KITUI
469,26,KITUI,MIVUKONI HEALTH CENTRE,18,KITUI
470,27,KITUI,MUTITU SUB-DISTRICT HOSPITAL,18,KITUI
471,28,KITUI,MWINGI HOSPITAL (KITUI),18,KITUI
472,29,KITUI,NGOMENI MODEL HEALTH CENTRE,18,KITUI
473,30,KITUI,NUU SUB-DISTRICT HOSPITAL,18,KITUI
474,31,KITUI,TSEIKURU SUB-DISTRICT HOSPITAL,18,KITUI
475,32,KITUI,YATTA HEALTH CENTRE,18,KITUI
476,33,KITUI,KATSE HEALTH CENTRE,18,KITUI
477,34,KITUI,WAITA HEALTH CENTRE,18,KITUI
478,1,UKUNDA,DIANI BEACH HOSPITAL,19,KWALE
479,2,UKUNDA,PALM BEACH HOSPITAL,19,KWALE
480,3,UKUNDA,SAVANI MEDICAL CENTRE,19,KWALE
481,4,UKUNDA,SINGAWA MEDICAL CENTRE,19,KWALE
482,5,UKUNDA,ST. THOMAS MATERNITY HOSPITAL,19,KWALE
483,6,UKUNDA,DIANI HEALTH CENTRE,19,KWALE
484,7,UKUNDA,KINANGO HOSPITAL KWALE,19,KWALE
485,8,UKUNDA,KWALE DISTRICT EYE CENTRE,19,KWALE
486,9,UKUNDA,KWALE DISTRICT HOSPITAL,19,KWALE
487,10,UKUNDA,LIKONI SUB-DISTRICT HOSPITAL,19,KWALE
488,11,UKUNDA,LUNGALUNGA HEALTH CENTRE,19,KWALE
489,12,UKUNDA,MBUTA MODEL HEALTH CENTRE,19,KWALE
490,13,UKUNDA,MSAMBWENI DISTRICT HOSPITAL,19,KWALE
491,14,UKUNDA,SAMBURU HEALTH CENTRE,19,KWALE
492,15,UKUNDA,SHIMBA HILLS HEALTH CENTRE,19,KWALE
493,16,UKUNDA,TARU DISPENSARY,19,KWALE
494,17,UKUNDA,TIWI RURAL HEALTH TRAINING CENTRE,19,KWALE
495,18,UKUNDA,VANGA HEALTH CENTRE,19,KWALE
496,1,NANYUKI,DON BOSCO MISSION DISPENSARY,20,LAIKIPIA
497,2,NANYUKI,EQUICELL MEDICAL SERVICES,20,LAIKIPIA
498,3,NANYUKI,JOHN PAUL II HURUMA HEALTH CENTRE,20,LAIKIPIA
499,4,NANYUKI,LAISAMIS CATHOLIC HOSPITAL,20,LAIKIPIA
500,5,NANYUKI,MARALAL CATHOLIC DISPENSARY,20,LAIKIPIA
501,6,NANYUKI,NANYUKI COTTAGE HOSPITAL (NANYUKI),20,LAIKIPIA
502,7,NANYUKI,NANYUKI MATERNITY AND NURSING HOME,20,LAIKIPIA
503,8,NANYUKI,NAROMORU CATHOLIC DISPENSARY,20,LAIKIPIA
504,9,NANYUKI,NGARUA CATHOLIC DISPENSARY,20,LAIKIPIA
505,10,NANYUKI,RUMURUTI CATHOLIC DISPENSARY,20,LAIKIPIA
506,11,NANYUKI,SEGERA MISSION HEALTH CENTRE,20,LAIKIPIA
507,12,NANYUKI,ST JOHN MEDICAL CLINIC,20,LAIKIPIA
508,13,NYAHURURU,UNISON MEDICAL CENTRE,20,LAIKIPIA
509,14,NANYUKI,KISIMA HEALTH CENTRE,20,LAIKIPIA
510,15,NANYUKI,NANYUKI DISTRICT HOSPITAL,20,LAIKIPIA
511,16,NANYUKI,NDINDIKA HEALTH CENTRE,20,LAIKIPIA
512,17,NANYUKI,NGARUA RURAL HEALTH CENTRE,20,LAIKIPIA
513,18,NANYUKI,RUMURUTI DISTRICT HOSPITAL,20,LAIKIPIA
514,19,NANYUKI,TIMAU SUB - DISTRICT HOSPITAL,20,LAIKIPIA
515,1,LAMU,LANGONI NURSING HOME,21,LAMU
516,2,LAMU,PABLO HORSTMAN HEALTH CENTRE,21,LAMU
517,3,LAMU,FAZA SUB DISTRICT HOSPITAL,21,LAMU
518,4,LAMU,KIPINI DISTRICT HOSPITAL,21,LAMU
519,5,LAMU,LAMU DISTRICT HOSPITAL,21,LAMU
520,6,LAMU,MOKOWE HEALTH CENTRE,21,LAMU
521,7,LAMU,MPEKETONI SUB- DISTRICT HOSPITAL,21,LAMU
522,8,LAMU,WITU HEALTH CENTRE,21,LAMU
523,1,KITENGELA,SYOKIMAU HEALTH CENTRE,22,MACHAKOS
524,2,MACHAKOS,BISHOP U KIOKO CATHOLIC HOSPITAL,22,MACHAKOS
525,3,MACHAKOS,KANGUNDO COMMUNITY HEALTH CENTRE,22,MACHAKOS
526,4,MACHAKOS,MATUNGULU MEDICAL CENTRE,22,MACHAKOS
527,5,MACHAKOS,NEW NGEI ROAD MATERNITY & NURSING HOME,22,MACHAKOS
528,6,MACHAKOS,SHALOM HOSPITAL,22,MACHAKOS
529,7,MACHAKOS,ST. MICHAEL MATERNITY & NURSING HOME (MA,22,MACHAKOS
530,8,MACHAKOS,IKOMBE DISPENSARY,22,MACHAKOS
531,9,MACHAKOS,KANGUNDO DISTRICT HOSPITAL,22,MACHAKOS
532,10,MACHAKOS,KASIKEU DISPENSARY,22,MACHAKOS
533,11,MACHAKOS,KATANGI HEALTH CENTRE,22,MACHAKOS
534,12,MACHAKOS,KATHIANI HOSPITAL MACHAKOS,22,MACHAKOS
535,13,MACHAKOS,KIVAA HEALTH CENTRE,22,MACHAKOS
536,14,MACHAKOS,MAKUYUNI HEALTH CENTRE,22,MACHAKOS
537,15,MACHAKOS,MASAI HEALTH CENTRE,22,MACHAKOS
538,16,MACHAKOS,MASIMBA HEALTH CENTRE,22,MACHAKOS
539,17,MACHAKOS,MASINGA MODEL HEALTH CENTRE,22,MACHAKOS
540,18,MACHAKOS,MATUU SUB DISTRICT HOSPITAL,22,MACHAKOS
541,19,MACHAKOS,MUTHETHENI HEALTH CENTRE,22,MACHAKOS
542,20,MACHAKOS,MWALA DISTRICT HOSPITAL,22,MACHAKOS
543,21,MACHAKOS,PROVINCIAL GENERAL HOSPITAL (MACHAKOS),22,MACHAKOS
544,22,MACHAKOS,THINU HEALTH CENTRE,22,MACHAKOS
545,23,MACHAKOS,TULIMANI HEALTH CENTRE,22,MACHAKOS
546,1,WOTE,EMALI NURSING HOME,23,MAKUENI
547,2,WOTE,KIKOKO MISSION HOSPITAL (MACHAKOS),23,MAKUENI
548,3,WOTE,KILOME MATERNITY & NURSING HOME,23,MAKUENI
549,4,WOTE,MAKINDU NURSING HOME,23,MAKUENI
550,5,WOTE,MAKUENI HOSPITAL MACHAKOS,23,MAKUENI
551,6,WOTE,PONYA SURGICAL AND NURSING HOME,23,MAKUENI
552,7,WOTE,EKALAKALA HEALTH CENTRE,23,MAKUENI
553,8,WOTE,KANZOKEA HEALTH CENTRE,23,MAKUENI
554,9,WOTE,KATHONZWENI HEALTH CENTRE,23,MAKUENI
555,10,WOTE,KIBWEZI SUB-DISTRICT HOSPITAL,23,MAKUENI
556,11,WOTE,KILUNGU SUB-DISTRICT HOSPITAL,23,MAKUENI
557,12,WOTE,KITISE HEALTH CENTRE,23,MAKUENI
558,13,WOTE,MAKINDU DISTRICT HOSPITAL,23,MAKUENI
559,14,WOTE,MAKUYUNI HEALTH CENTRE,23,MAKUENI
560,15,WOTE,MASIMBA HEALTH CENTRE,23,MAKUENI
561,16,WOTE,MATILIKU DISTRICT HOSPITAL,23,MAKUENI
562,17,WOTE,MAVINDINI HEALTH CENTRE,23,MAKUENI
563,18,WOTE,MBOONI SUB-DISTRICT HOSPITAL,23,MAKUENI
564,19,WOTE,MTITO ANDEI HEALTH CENTRE,23,MAKUENI
565,20,WOTE,TAWA SUB-DISTRICT HOSPITAL,23,MAKUENI
566,21,WOTE,TULIMANI HEALTH CENTRE,23,MAKUENI
567,1,MANDERA,BLUE LIGHT NURSING HOME,24,MANDERA
568,2,MANDERA,BULLA MPYA NURSING HOME,24,MANDERA
569,3,MANDERA,ZONAL ANNEX NURSING HOME,24,MANDERA
570,4,MANDERA,DISTRICT HOSPITAL MANDERA,24,MANDERA
571,5,MANDERA,ELWAK DISTRICT HOSPITAL,24,MANDERA
572,6,MANDERA,RHAMU DISTRICT HOSPITAL,24,MANDERA
573,1,MARSABIT,AIC GATAB HEALTH CENTRE,25,MARSABIT
574,2,MARSABIT,MARSABIT MEDICAL CLINIC,25,MARSABIT
575,3,MARSABIT,MARSABIT MODERN MEDICAL SERVICES,25,MARSABIT
576,4,MARSABIT,MARSABIT DISTRICT HOSPITAL,25,MARSABIT
577,5,MOYALE,AFYA NURSING HOME MOYALE,25,MARSABIT
578,6,MOYALE,AL-BILAL NURSING HOME,25,MARSABIT
579,7,MOYALE,BURQA MEDICAL CLINIC,25,MARSABIT
580,8,MOYALE,CROSSROADS NURSING HOME,25,MARSABIT
581,9,MOYALE,MOYALE NURSING HOME,25,MARSABIT
582,10,MOYALE,SOLOLO MISSION HOSPITAL SOLOLO,25,MARSABIT
583,11,MOYALE,TAQWA NURSING HOME,25,MARSABIT
584,12,MOYALE,MOYALE DISTRICT HOSPITAL,25,MARSABIT
585,1,MAUA,LAARE NURSING & MATERNITY HOME,26,MERU
586,2,MAUA,MAUA MED COTTAGE MAT NURSING HOME,26,MERU
587,3,MAUA,ROBINS HEALTHCARE LTD,26,MERU
588,4,MAUA,ROSMEGG MEDICAL CLINIC -KANGETA,26,MERU
589,5,MAUA,TUURU COTTOLENGO HEALTH CENTRE,26,MERU
590,6,MERU,COTTOLENGO MISSION HOSPITAL,26,MERU
591,7,MERU,JEKIM MEDICAL CENTRE,26,MERU
592,8,MERU,MAUA METHODIST HOSPITAL (MERU),26,MERU
593,9,MERU,MILIMANI MATERNITY & NURSING HOME (MERU),26,MERU
594,10,MERU,MUKOTHIMA C.C.M HEALTH CENTRE,26,MERU
595,11,MERU,MUTUATI CATHOLIC MISSION HOSPITAL,26,MERU
596,12,MERU,MUTUATI NURSING & MATERNITY HOME,26,MERU
597,13,MERU,NKUBU MEDICARE MEDICAL CENTRE,26,MERU
598,14,MERU,RUIRI CATHOLIC MISSION HEALTH CENTRE,26,MERU
599,15,MERU,ST. LUKE COTTAGE HOSPITAL KIAMURI,26,MERU
600,16,MERU,ST.THERESA̍S MISSION HOSPITAL-KIIRUA,26,MERU
601,17,MERU,WOODLANDS HOSPITAL MERU,26,MERU
602,18,MERU,KARIMONGA DISPENSARY,26,MERU
603,19,MAUA,MBEU SUB DISTRICT HOSPITAL,26,MERU
604,20,MAUA,MIATHENE DISTRICT HOSPITAL,26,MERU
605,21,MAUA,MUTHARA SUB - DISTRICT HOSPITAL,26,MERU
606,22,MAUA,NYAMBENE DISTRICT HOSPITAL,26,MERU
607,23,MERU,GIAKI SUB DISTRICT HOSPITAL,26,MERU
608,24,MERU,GITHONGO DISTRICT HOSPITAL,26,MERU
609,25,MERU,KANYAKINE SUB-DISTRICT HOSPITAL,26,MERU
610,26,MERU,MERU DISTRICT HOSPITAL(GENERAL),26,MERU
611,27,MERU,MIKINDURI SUB-DISTRICT HOSPITAL,26,MERU
612,28,MERU,MIKUMBUNE SUB DISTRICT HOSPITAL,26,MERU
613,29,MERU,MUTUATI SUB DISTRICT HOSPITAL,26,MERU
614,30,MERU,NKUBU HEALTH CENTRE,26,MERU
615,31,MERU,RUIRI RURAL DEMONSTRATION HEALTH CENTRE,26,MERU
616,1,MIGORI,AFYA HEALTH SYSTEM SERVICES,27,MIGORI
617,2,MIGORI,ALPHA COMMUNITY AND NURSING HOME,27,MIGORI
618,3,MIGORI,GENTONTIRA MEDICAL CENTRE,27,MIGORI
619,4,MIGORI,KEHANCHA MOTHER & CHILD,27,MIGORI
620,5,MIGORI,LADOPHARMA MEDICAL CENTRE,27,MIGORI
621,6,MIGORI,MAMA NURSING HOME,27,MIGORI
622,7,MIGORI,OASIS DOCTORS PLAZA-MIGORI,27,MIGORI
623,8,MIGORI,OGADA HEALTH CENTRE,27,MIGORI
624,9,MIGORI,OJELE MEMORIAL HOSPITAL,27,MIGORI
625,10,MIGORI,ORUBA NURSING & MATERNITY HOME LTD,27,MIGORI
626,11,MIGORI,PASTOR MACHAGE MEMORIAL HOSPITAL,27,MIGORI
627,12,MIGORI,RANEN S.D.A HEALTH CENTRE,27,MIGORI
628,13,MIGORI,RAPOGI COMMUNITY HEALTH & MAT. CENTRE,27,MIGORI
629,14,MIGORI,ROSEWOOD NURSING HOME,27,MIGORI
630,15,MIGORI,ROYAL MEDICAL CLINIC & MATERNITY HOME,27,MIGORI
631,16,MIGORI,SORI LAKESIDE NURSING HOME,27,MIGORI
632,17,MIGORI,ST AKIDIVA MEMORIAL HOSPITAL,27,MIGORI
633,18,MIGORI,ST. AKIDIVA MINDIRA MABERA,27,MIGORI
634,19,MIGORI,ST. JOSEPH̍S MISSION HOSPITAL MIGORI,27,MIGORI
635,20,MIGORI,ST. MONICA RAPOGI MISSION HOSPITAL,27,MIGORI
636,21,MIGORI,ST.CAMILLUS MISSION HOSPITAL,27,MIGORI
637,22,MIGORI,SUNA MAT & NURSING HOME,27,MIGORI
638,23,MIGORI,AWENDO SUB-DISTRICT HOSPITAL,27,MIGORI
639,24,MIGORI,ISEBANIA SUB-DISTRICT HOSPITAL,27,MIGORI
640,25,MIGORI,KARUNGU SUB-DISTRICT HOSPITAL,27,MIGORI
641,26,MIGORI,KURIA DISTRICT HOSPITAL,27,MIGORI
642,27,MIGORI,MACALDER DISTRICT HOSPITAL,27,MIGORI
643,28,MIGORI,MIGORI DISTRICT HOSPITAL,27,MIGORI
644,29,MIGORI,MUHURU BAY SUB - DISTRICT HOSPITAL,27,MIGORI
645,30,MIGORI,MUHURU HEALTH CENTRE,27,MIGORI
646,31,MIGORI,NTIMARU SUB-DISTRICT,27,MIGORI
647,32,MIGORI,NYAMETABURO HEALTH CENTRE,27,MIGORI
648,33,MIGORI,RONGO SUB-DISTRICT HOSPITAL,27,MIGORI
649,1,MOMBASA,BAKARANI MATERNITY & NURSING HOME (MOMBASA),28,MOMBASA
650,2,MOMBASA,HEALTH SOURCE MEDICAL CENTRE,28,MOMBASA
651,3,MOMBASA,JOCHAM HOSPITAL,28,MOMBASA
652,4,MOMBASA,KANAMAI HEALTH SERVICES,28,MOMBASA
653,5,MOMBASA,MARIE STOPES HOSPITAL (K) MOMBASA,28,MOMBASA
654,6,MOMBASA,MEDITRUST HEALTH CARE,28,MOMBASA
655,7,MOMBASA,MLA LEO HEALTH CENTRE,28,MOMBASA
656,8,MOMBASA,"SAYYID FATMAH HOSPITAL, KISAUNI",28,MOMBASA
657,9,MOMBASA,SEASIDE MEDICAL FACILITY NURSING HOME,28,MOMBASA
658,10,MOMBASA,THE MAKUPA HOSPITAL,28,MOMBASA
659,11,MOMBASA,COAST GENERAL HOSPITAL (MOMBASA),28,MOMBASA
660,12,MOMBASA,LADY GRIGGS MATERNITY HOSPITAL,28,MOMBASA
661,13,MOMBASA,MAINLAND HEALTH CENTRE,28,MOMBASA
662,14,MOMBASA,MARIAKANI SUB-DISTRICT HOSPITAL,28,MOMBASA
663,15,MOMBASA,MLALEO HEALTH CENTRE,28,MOMBASA
664,16,MOMBASA,NYALI HEALTH CARE,28,MOMBASA
665,17,MOMBASA,RABAI RURAL HEALTH DEMONSTRATION CENTR,28,MOMBASA
666,18,MOMBASA,TUDOR DISTRICT HOSPITAL,28,MOMBASA
667,19,MOMBASA,TUDOR HEALTHCARE,28,MOMBASA
668,1,MURANGA,MUGOIRI MEDICAL CENTRE,29,MURANG̍A
669,2,MURANG̍A,AIC GITHUMU HOSPITAL,29,MURANG̍A
670,3,MURANG̍A,GAICHANJIRU CATHOLIC HOSPITAL(MURANGA),29,MURANG̍A
671,4,MURANG̍A,KENOL HOSPITAL,29,MURANG̍A
672,5,MURANG̍A,KIMKAN HEALTH SERVICES,29,MURANG̍A
673,6,MURANG̍A,KIRIAINI CONSOLATA HOSPITAL(MURANGA),29,MURANG̍A
674,7,MURANG̍A,GATURA HEALTH CENTRE,29,MURANG̍A
675,8,MURANG̍A,KANDARA HEALTH CENTRE,29,MURANG̍A
676,9,MURANG̍A,KANGARI HEALTH CENTRE,29,MURANG̍A
677,10,MURANG̍A,KANGEMA SUB-DISTRICT HOSPITAL,29,MURANG̍A
678,11,MURANG̍A,KIROGO HEALTH CENTRE,29,MURANG̍A
679,12,MURANG̍A,MAKUYU HEALTH CENTRE,29,MURANG̍A
680,13,MURANG̍A,NYAKIANGA HEALTH CENTRE,29,MURANG̍A
681,14,MURANG̍A,SABA SABA HEALTH CENTRE,29,MURANG̍A
682,15,MURANG̍A,KIRWARA SUB-DISTRICT HOSPITAL,29,MURANG̍A
683,16,MURANG̍A,MARAGUA DISTRICT HOSPITAL,29,MURANG̍A
684,17,MURANG̍A,MARAGUA RIDGE HEALTH CENTRE,29,MURANG̍A
685,18,MURANG̍A,MURIRANJA DISTRICT HOSPITAL,29,MURANG̍A
686,1,BURUBURU,ARROW WEB HOSPITAL,30,NAIROBI
687,2,BURUBURU,BURUBURU HEALTH CENTRE,30,NAIROBI
688,3,BURUBURU,DIVINE WORD PARISH HEALTH CENTER,30,NAIROBI
689,4,BURUBURU,EDELVALE TRUST JAMAA H$M HOSPITAL,30,NAIROBI
690,5,BURUBURU,EMMAUS  INNERCORE NURSING HOME,30,NAIROBI
691,6,BURUBURU,EURAKA MEDICAL CENTRE,30,NAIROBI
692,7,BURUBURU,FAMILY LIFE PROMOTION AND SERVICES,30,NAIROBI
693,8,BURUBURU,KOMAROCK MEDICAL CENTRE,30,NAIROBI
694,9,BURUBURU,KOMAROCK MODERN MEDICAL CENTRE,30,NAIROBI
695,10,BURUBURU,LIVEWELL CLINIC-MATOPENI,30,NAIROBI
696,11,BURUBURU,MARIA MAT. & NURSING HOME,30,NAIROBI
697,12,BURUBURU,MKUNGA MATERNITY & NURSING HOME,30,NAIROBI
698,13,BURUBURU,PATANISHO MATERNITY & NURSING HOME,30,NAIROBI
699,14,BURUBURU,RUAI FAMILY MEDICAL CENTRE,30,NAIROBI
700,15,BURUBURU,SOS MEDICAL CENTRE,30,NAIROBI
701,16,BURUBURU,SOWETO KAYOLE HEALTH CENTRE,30,NAIROBI
702,17,BURUBURU,ST. JUDES MEDICAL CENTRE,30,NAIROBI
703,18,BURUBURU,ST. PATRICK HEALTH CARE,30,NAIROBI
704,19,BURUBURU,THIKA ROAD HEALTH SERVICES - BURUBURU HEALTH,30,NAIROBI
705,20,BURUBURU,UMOJA HOSPITAL,30,NAIROBI
706,21,BURUBURU,VICTORY HOSPITAL LTD,30,NAIROBI
707,22,BURUBURU,WAMBUGU MEDICAL CENTRE,30,NAIROBI
708,23,BURUBURU,WISDOM MEDICAL SERVICES,30,NAIROBI
709,24,BURUBURU,MAMA LUCY KIBAKI HOSPITAL,30,NAIROBI
710,25,EASTLEIGH,ALIF MEDICAL CENTRE,30,NAIROBI
711,26,EASTLEIGH,CITY POINT,30,NAIROBI
712,27,EASTLEIGH,LADNAN MEDICAL CENTRE LTD,30,NAIROBI
713,28,EASTLEIGH,MADINA HOSPITAL LIMITED,30,NAIROBI
714,29,EASTLEIGH,MARIE STOPES KENYA LIMITED,30,NAIROBI
715,30,EASTLEIGH,MOTHER & CHILD HOSPITAL,30,NAIROBI
716,31,EASTLEIGH,ST. JOSEPH NURSING HOME,30,NAIROBI
717,32,EASTLEIGH,ST. TERESA̍S PARISH DISPENSARY,30,NAIROBI
718,33,IND. AREA,COMMUNAL ORIENTED SERVICES INTERNATIONAL,30,NAIROBI
719,34,IND. AREA,COUNTY CARE CLINIC,30,NAIROBI
720,35,IND. AREA,EMERALD MEDICAL CENTRE,30,NAIROBI
721,36,IND. AREA,FAIRVIEW MEDICAL CENTRE,30,NAIROBI
722,37,IND. AREA,IMARA HEALTH CARE CENTRE,30,NAIROBI
723,38,IND. AREA,JAMII YADHA MEDICAL CENTRE,30,NAIROBI
724,39,IND. AREA,MARIAKANI COTTAGE HOSPITAL,30,NAIROBI
725,40,IND. AREA,"MARIAKANI COTTAGE HOSPITAL, UTAWALA",30,NAIROBI
726,41,IND. AREA,MAYFLOWER HEALTH SERVICES,30,NAIROBI
727,42,IND. AREA,MOTHER IPPOLITA CATHOLIC DISPENSARY,30,NAIROBI
728,43,IND. AREA,NAIROBI SOUTH MEDICAL CENTRE,30,NAIROBI
729,44,IND. AREA,OM SHANTI MEDICAL CLINIC,30,NAIROBI
730,45,IND. AREA,PIPELINE NURSING HOME,30,NAIROBI
731,46,IND. AREA,REINHA ROSARY DISPENSARY GITHUNGURI,30,NAIROBI
732,47,IND. AREA,SOUTH ��B̍ HOSPITAL,30,NAIROBI
733,48,IND. AREA,OLIVE LINK HEALTHCARE,30,NAIROBI
734,49,IND. AREA,ST. BAKHITA DISPENSARY,30,NAIROBI
735,50,IND. AREA,THE WENT WORTH HOSPITAL,30,NAIROBI
736,51,IND. AREA,UTAWALA ESTATE HEALTH CENTRE,30,NAIROBI
737,52,IND. AREA,EASTERN DEANERY AIDS RELIEF PROGRAM,30,NAIROBI
738,53,NAIROBI,AFYA ROYAL CLINIC NGONG ROAD,30,NAIROBI
739,54,NAIROBI,CHURCH ARMY MEDICAL CENTRE,30,NAIROBI
740,55,NAIROBI,CRESCENT MEDICAL AID,30,NAIROBI
741,56,NAIROBI,CRESENT MEDICAL AID KENYA-JAMIA,30,NAIROBI
742,57,NAIROBI,FREPALS NURSING HOME,30,NAIROBI
743,58,NAIROBI,KAWANGWARE HEALTH CENTRE,30,NAIROBI
744,59,NAIROBI,GERMAN MEDICAL CENTRE,30,NAIROBI
745,60,NAIROBI,GREENCROSS MEDICAL & DENTAL SERVICES LTD,30,NAIROBI
746,61,NAIROBI,IRAN MEDICAL CLINIC,30,NAIROBI
747,62,NAIROBI,MELCHIZEDEK HOSPITAL,30,NAIROBI
748,63,NAIROBI,MENELIK MEDICAL CENTER,30,NAIROBI
749,64,NAIROBI,PRIME DIAGNOSTICS CENTRE,30,NAIROBI
750,65,NAIROBI,SCION HEALTH CARE LTD,30,NAIROBI
751,66,NAIROBI,ST. FRANCIS HOSPITAL,30,NAIROBI
752,67,NAIROBI,TEXAS CANCER CENTRE,30,NAIROBI
753,68,NAIROBI,UNIVERSAL HEALTH SERVICES,30,NAIROBI
754,69,NAIROBI,VIPS HEALTH SERVICES LTD,30,NAIROBI
755,70,NAIROBI,NAIROBI EAST HOSPITAL,30,NAIROBI
756,71,RUARAKA,AFYA HEALTH CARE,30,NAIROBI
757,72,RUARAKA,ANNUNCIATION MISSION DISPENSARY MWIHOKO,30,NAIROBI
758,73,RUARAKA,DANDORA MEDICAL CENTRE,30,NAIROBI
759,74,RUARAKA,DESTINY MEDICAL CENTRE,30,NAIROBI
760,75,RUARAKA,FAMILY ACCESS MEDICAL CENTRE,30,NAIROBI
761,76,RUARAKA,FOCUS MEDICAL AND REHABILITATION CENTRE,30,NAIROBI
762,77,RUARAKA,HOPE MEDICAL CLINIC,30,NAIROBI
763,78,RUARAKA,HURUMA NURSING & MATERNITY HOME,30,NAIROBI
764,79,RUARAKA,JAMII KIPAWA MEDICAL CENTRE,30,NAIROBI
765,80,RUARAKA,JUJA ROAD HOSPITAL,30,NAIROBI
766,81,RUARAKA,KAHAWA WENDANI HOSPITAL,30,NAIROBI
767,82,RUARAKA,MARURA NURSING HOME,30,NAIROBI
768,83,RUARAKA,MARURA NURSING HOME KARIOBANGI MED CLINIC,30,NAIROBI
769,84,RUARAKA,MEDIPOINT CLINIC,30,NAIROBI
770,85,RUARAKA,MILELE INTERGRATED MEDICAL SERVICES,30,NAIROBI
771,86,RUARAKA,MUNDIKA MATERNITY AND NURSING HOME,30,NAIROBI
772,87,RUARAKA,NGUMBA CENTER AND LABORATORY SERVICES,30,NAIROBI
773,88,RUARAKA,NIMOLI MEDICAL SERVICES,30,NAIROBI
774,89,RUARAKA,PARKROAD NURSING HOME (NAIROBI),30,NAIROBI
775,90,RUARAKA,PRIME HEALTH SERVICES,30,NAIROBI
776,91,RUARAKA,RUARAKA UHAI NEEMA HOSPITAL,30,NAIROBI
777,92,RUARAKA,SAMARITAN MEDICAL SERVICES,30,NAIROBI
778,93,RUARAKA,ST. JOHN̍S HOSPITAL LTD,30,NAIROBI
779,94,RUARAKA,ST.FRANCIS COMMUNITY HOSPITAL,30,NAIROBI
780,95,RUARAKA,STAR GENERAL MEDICAL CENTRE,30,NAIROBI
781,96,RUARAKA,THIKA ROAD HEALTH SERVICES,30,NAIROBI
782,97,RUARAKA,UZIMA DISPENSARY AND MATERNITY,30,NAIROBI
783,98,WESTLANDS,AFRICARE LIMITED,30,NAIROBI
784,99,WESTLANDS,AMURT HEALTH CARE,30,NAIROBI
785,100,WESTLANDS,BLESSED LOUIS PALAZZOLO HEALTH CENTER,30,NAIROBI
786,101,WESTLANDS,KILELESHWA MEDICAL PLAZA,30,NAIROBI
787,102,WESTLANDS,LIONS SIGHT FIRST EYE HOSPITAL,30,NAIROBI
788,103,BURUBURU,MAMA LUCY KIBAKI HOSPITAL,30,NAIROBI
789,104,EASTLEIGH,PUMWANI HOSPITAL MANAGEMENT BOARD,30,NAIROBI
790,105,IND. AREA,ADMINISTRATION POLICE TRAINING COLLEGE HEALTH CENTRE,30,NAIROBI
791,106,IND. AREA,LOCO HEALTH CENTRE,30,NAIROBI
792,107,NAIROBI,KENYATTA NATIONAL HOSPITAL (GENERAL WARD,30,NAIROBI
793,108,NAIROBI,MBAGATHI DISTRICT HOSPITAL,30,NAIROBI
794,109,NAIROBI,NATIONAL SPINAL INJURY HOSPITAL,30,NAIROBI
795,110,NAIROBI,WAITHAKA HEALTH CENTRE,30,NAIROBI
796,111,ONGATARONGAI,LANGATA HEALTH CENTRE,30,NAIROBI
797,112,RUARAKA,KAHAWA WEST HEALTH CENTRE,30,NAIROBI
798,113,RUARAKA,KASARANI HEALTH CENTRE,30,NAIROBI
799,114,RUARAKA,MATHARE HEALTH CARE,30,NAIROBI
800,115,RUARAKA,MATHARE MENTAL HOSPITAL (GENERAL WARD),30,NAIROBI
801,116,WESTLANDS,KAMITI HOSPITAL,30,NAIROBI
802,117,WESTLANDS,KIHARA SUB-DISTRICT HOSPITAL,30,NAIROBI
803,1,NAIVASHA,ASN UPENDO VILLAGE,31,NAKURU
804,2,NAIVASHA,FINLAYS MEDICAL CENTRE,31,NAKURU
805,3,NAIVASHA,HOLY SPIRIT HEALTH CENTRE GILGIL,31,NAKURU
806,4,NAIVASHA,HOLY TRINITY H/C LONGONOT,31,NAKURU
807,5,NAIVASHA,LAKEVIEW MATERNITY & NURSING HOME,31,NAKURU
808,6,NAIVASHA,MAAI MAHIU MATERNITY AND HOSPITAL,31,NAKURU
809,7,NAIVASHA,MT. LONGONOT MEDICAL SERVICES LIMITED,31,NAKURU
810,8,NAIVASHA,MULEMI MATERNITY NURSING HOME,31,NAKURU
811,9,NAIVASHA,NACOHAG MEDICAL CENTRE,31,NAKURU
812,10,NAIVASHA,NDONYO HEALTH CARE,31,NAKURU
813,11,NAIVASHA,NEW KIMILILI MEDICAL CLINIC,31,NAKURU
814,12,NAIVASHA,POLY-CLINIC HOSPITAL,31,NAKURU
815,13,NAIVASHA,QUALITY HEALTH CARE,31,NAKURU
816,14,NAIVASHA,VINET MEDICAL SERVICES,31,NAKURU
817,15,NAKURU,ADVENT MED & DENT CARE CENTRE,31,NAKURU
818,16,NAKURU,AFRAHA MATERNITY & NURSING HOME,31,NAKURU
819,17,NAKURU,AIC BETHSAIDA MEDICAL CENTRE,31,NAKURU
820,18,NAKURU,BARAKA MATERNITY NURSING HOME,31,NAKURU
821,19,NAKURU,BETHANIA MEDICAL CENTRE,31,NAKURU
822,20,NAKURU,ESTHER MEMORIAL MATERNITY HOME,31,NAKURU
823,21,NAKURU,EVANS SUNRISE MEDICAL CENTRE,31,NAKURU
824,22,NAKURU,FOUNTAIN MEDICAL CENTRE,31,NAKURU
825,23,NAKURU,GIBEA MEDICAL CENTRE,31,NAKURU
826,24,NAKURU,GREAT COMMISSION MEDICAL CENTRE,31,NAKURU
827,25,NAKURU,HURUMA DISPENSARY NJORO,31,NAKURU
828,26,NAKURU,KINGS MEDICAL CENTRE,31,NAKURU
829,27,NAKURU,KISHON HEALTH CENTRE,31,NAKURU
830,29,NAKURU,MOTHER KELVIN CATHOLIC HEALTH CENTRE,31,NAKURU
831,30,NAKURU,NAKURU NURSING AND MATERNITY HOME LTD.,31,NAKURU
832,31,NAKURU,NAKURU WAR MEMORIAL HOSPITAL (NAKURU),31,NAKURU
833,32,NAKURU,P.C.E.A. NAKURU WEST HOSPITAL,31,NAKURU
834,33,NAKURU,PRUDENT MEDICAL CENTRE AND MATERNITY HOME,31,NAKURU
835,34,NAKURU,SISTER MAZZOLDI DISPENSARY AND MATERNITY,31,NAKURU
836,35,NAKURU,ST ELIZABETH MEDICAL CENTRE,31,NAKURU
837,36,NAKURU,ST MARTIN DE PORRES,31,NAKURU
838,37,NAKURU,ST. ANTHONY HEALTH CENTRE,31,NAKURU
839,38,NAKURU,ST. JOSEPH̍S NURSING AND MATERNITY HOM,31,NAKURU
840,39,NAKURU,VALLEY HOSPITAL LIMITED,31,NAKURU
841,40,OLENGURUONE,TONYMED MEDICAL CLINIC,31,NAKURU
842,41,MOLO,SACHANGWAN HEALTH CENTRE,31,NAKURU
843,42,NAIVASHA,GETA BUSH HEALTH CENTRE,31,NAKURU
844,43,NAIVASHA,GILGIL SUB DISTRICT HOSPITAL,31,NAKURU
845,44,NAIVASHA,GK MEDIUM PRISONS DISPENSARY,31,NAKURU
846,45,NAIVASHA,KARAGITA HEALTH CENTRE,31,NAKURU
847,46,NAIVASHA,MAIMAHIU HEALTH CENTRE,31,NAKURU
848,47,NAIVASHA,MUNUNGA HEALTH CENTRE,31,NAKURU
849,48,NAIVASHA,NAIVASHA LEVEL IV HOSPITAL,31,NAKURU
850,49,NAKURU,BAHATI DISTRICT HOSPITAL,31,NAKURU
851,50,NAKURU,DUNDORI HEALTH CENTRE,31,NAKURU
852,51,NAKURU,EGERTON UNIVERSITY HEALTH CENTRE,31,NAKURU
853,52,NAKURU,ELBURGON NYAYO HOSPITAL,31,NAKURU
854,53,NAKURU,ENGASHURA HEALTH CENTRE,31,NAKURU
855,54,NAKURU,FOREST INDUSRIAL TRAINING CENTRE,31,NAKURU
856,55,NAKURU,KABARAK HEALTH CENTRE,31,NAKURU
857,56,NAKURU,KABAZI HEALTH CENTRE,31,NAKURU
858,57,NAKURU,KAMARA DISPENSARY,31,NAKURU
859,58,NAKURU,KAPSETEK DISPENSARY,31,NAKURU
860,59,NAKURU,KERINGET HEALTH CENTRE,31,NAKURU
861,60,NAKURU,KIPSYENANA DISPENSARY NAKURU,31,NAKURU
862,61,NAKURU,LALWET DISPENSARY,31,NAKURU
863,62,NAKURU,LANET HEALTH CENTRE,31,NAKURU
864,63,NAKURU,LANGA LANGA HEALTH CENTRE,31,NAKURU
865,64,NAKURU,LELCHWET HEALTH CENTRE,31,NAKURU
866,65,NAKURU,LENGINET DISPENSARY,31,NAKURU
867,66,NAKURU,LOWER SOLAI HEALTH CENTRE,31,NAKURU
868,67,NAKURU,MANGU DISPENSARY,31,NAKURU
869,68,NAKURU,MIRUGI KARIUKI DISPENSARY,31,NAKURU
870,69,NAKURU,MOGOTIO HEALTH CENTRE,31,NAKURU
871,70,NAKURU,MOLO DISTRICT HOSPITAL,31,NAKURU
872,71,NAKURU,MUACHE TAITA DISPENSARY,31,NAKURU
873,72,NAKURU,NAKURU PRISON HOSPITAL NAKURU,31,NAKURU
874,73,NAKURU,NAKURU WEST DISPENSARY,31,NAKURU
875,74,NAKURU,NESSUET DISPENSARY,31,NAKURU
876,75,NAKURU,NJ0RO HEALTH CENTRE,31,NAKURU
877,76,NAKURU,OGILGEI DISPENSARY,31,NAKURU
878,77,NAKURU,OLEGURUONE SUBDISTRICT HOSPITAL,31,NAKURU
879,78,NAKURU,PROVINCIAL GENERAL HOSP. ANNEX NAKURU,31,NAKURU
880,79,NAKURU,RIFT VALLEY PROV. GENERAL HOSP. NAKURU,31,NAKURU
881,80,NAKURU,RONGAI HEALTH CENTRE,31,NAKURU
882,81,NAKURU,STATE HOUSE DISPENSARY NAKURU,31,NAKURU
883,82,NAKURU,SUBUKIA HEALTH CENTRE,31,NAKURU
884,83,NAKURU,TUIYOTICH DISPENSARY,31,NAKURU
885,84,NAKURU,UPPER SOLAI HEALTH CENTRE,31,NAKURU
886,1,KAPSABET,BARATON JEREMIC COMMUNITY MEDICAL CENTRE,32,NANDI
887,2,KAPSABET,BETHESDA MEDICAL CLINIC,32,NANDI
888,3,KAPSABET,KAIBOI MISSION HEALTH CENTRE,32,NANDI
889,4,KAPSABET,KAPSABET HEALTH CARE CENTRE,32,NANDI
890,5,KAPSABET,KOBUJOI MISSION HOSPITAL,32,NANDI
891,6,KAPSABET,MOTHER FRANCISCA MATERNITY & NURSING HOM,32,NANDI
892,7,KAPSABET,ST. JOSEPH MISSION HOSPITAL,32,NANDI
893,8,KAPSABET,CHEMASE HEALTH CENTRE,32,NANDI
894,9,KAPSABET,CHEMUDU DISPENSARY,32,NANDI
895,10,KAPSABET,CHEPKEMEL HEALTH CENTRE,32,NANDI
896,11,KAPSABET,CHEPTERWAI SUB-DISTRICT HOSPITAL,32,NANDI
897,12,KAPSABET,KABIEMIT DISPENSARY,32,NANDI
898,13,KAPSABET,KABIYET HEALTH CENTRE,32,NANDI
899,14,KAPSABET,KAPKANGANI HEALTH CENTRE,32,NANDI
900,15,KAPSABET,KAPSABET DISTRICT HOSPITAL,32,NANDI
901,16,KAPSABET,KAPSAMOITE DISPENSARY,32,NANDI
902,17,KAPSABET,KAPSISIYWA DISPENSARY,32,NANDI
903,18,KAPSABET,KAPTUMO SUB-DISTRICT HOSPITAL,32,NANDI
904,19,KAPSABET,KIBIRISANG DISPENSARY,32,NANDI
905,20,KAPSABET,KILIBWONI HEALTH CENTRE,32,NANDI
906,21,KAPSABET,KIMONG DISPENSARY,32,NANDI
907,22,KAPSABET,KINGWAL HEALTH CENTRE,32,NANDI
908,23,KAPSABET,KIPSIGAK DISPENSARY,32,NANDI
909,24,KAPSABET,LOLKERINGET DISPENSARY,32,NANDI
910,25,KAPSABET,LOLMININGAI HEALTH CENTRE,32,NANDI
911,26,KAPSABET,MOSORIOT RURAL HEALTH TRAINING CLINIC,32,NANDI
912,27,KAPSABET,NANDI HILLS DISTRICT HOSPITAL,32,NANDI
913,28,NANDIHILLS,KEBEN DISPENSARY,32,NANDI
914,29,NANDIHILLS,KOILOT HEALTH CENTRE,32,NANDI
915,30,NANDIHILLS,METEITEI SUB-DISTRICT HOSPITAL,32,NANDI
916,31,NANDIHILLS,SOBA RIVER HEALTH CENTRE,32,NANDI
917,32,NANDIHILLS,SOCHOI DISPENSARY,32,NANDI
918,1,NAROK,AKEMO VALLEY MATERNITY & NURSING HOME,33,NAROK
919,2,NAROK,EWASO NGIRO HEALTH CENTRE,33,NAROK
920,3,NAROK,LENANA HILL HOSPITAL,33,NAROK
921,4,NAROK,MAASAI NURSING HOME,33,NAROK
922,5,NAROK,NAROK COTTAGE HOSPITAL,33,NAROK
923,6,NAROK,NASHA LENGOT MEDICAL CENTRE,33,NAROK
924,7,NAROK,"SAGAM MEDICAL CENTRE, NAROK",33,NAROK
925,8,NAROK,ST. ANTHONY̍S HEALTH CENTRE ABOSI,33,NAROK
926,9,NAROK,ST. ELIZABETH HEALTH CENTRE,33,NAROK
927,10,NAROK,ST. JOSEPH̍S HOSPITAL (KILGORIS),33,NAROK
928,11,NAROK,TALEK HEALTH CENTRE,33,NAROK
929,12,NAROK,TRANSMARA MEDICARE HOSPITAL,33,NAROK
930,13,NAROK,ENAIBELBEL HEALTH CARE,33,NAROK
931,14,NAROK,ENOOSAEN HEALTH CENTRE,33,NAROK
932,15,NAROK,LOLGORIAN DISTRICT HOSPITAL,33,NAROK
933,16,NAROK,NAIRAGIE ENKARE HEALTH CENTRE,33,NAROK
934,17,NAROK,NAROK DISTRICT HOSPITAL,33,NAROK
935,18,NAROK,OLCHORO HEALTH CENTRE,33,NAROK
936,19,NAROK,OLOLULUNG̍A  DISTRICT HOSPITAL,33,NAROK
937,20,NAROK,SEKANI HEALTH CENTRE,33,NAROK
938,21,NAROK,SOGOO HEALTH CENTRE,33,NAROK
939,22,NAROK,TRANSMARA DISTRICT HOSPITAL,33,NAROK
940,1,NYAMIRA,GETEMBE ANNEX HOSPITAL,34,NYAMIRA
941,2,NYAMIRA,NYAMIRA MATERNITY & NURSING HOME,34,NYAMIRA
942,3,NYAMIRA,NYASIONGO MATERNITY AND NURSING HOME,34,NYAMIRA
943,4,NYAMIRA,EKERENYO SUB DISTRICT HOSPITAL,34,NYAMIRA
944,5,NYAMIRA,KEROKA DISTRICT HOSPITAL,34,NYAMIRA
945,6,NYAMIRA,MANGA DISTRICT HOSPITAL,34,NYAMIRA
946,7,NYAMIRA,NYAGENA SUB DISTRICT HOSPTIAL,34,NYAMIRA
947,8,NYAMIRA,NYAMIRA DISTRICT HOSPITAL KISII,34,NYAMIRA
948,9,NYAMIRA,NYAMUSI SUB-DISTRICT HOSPITAL,34,NYAMIRA
949,10,NYAMIRA,NYANSAKIA HEALTH CENTRE,34,NYAMIRA
950,11,NYAMIRA,TINGA HEALTH CENTRE,34,NYAMIRA
951,1,NYAHURURU,NGANO HEALTH CENTRE,35,NYANDARUA
952,2,OL̍KALOU,BAMBOO HEALTH CENTRE,35,NYANDARUA
953,3,OL̍KALOU,ENGINEER DISTRICT HOSPITAL,35,NYANDARUA
954,4,OL̍KALOU,HENI HEALTH CENTRE,35,NYANDARUA
955,5,OL̍KALOU,KARANGATHA HEALTH CENTRE,35,NYANDARUA
956,6,OL̍KALOU,MANUNGA HEALTH CENTRE,35,NYANDARUA
957,7,OL̍KALOU,MIRANGINE HEALTH CENTRE,35,NYANDARUA
958,8,OL̍KALOU,NDARAGWA HEALTH CENTRE,35,NYANDARUA
959,9,OL̍KALOU,NDEMI HEALTH CENTRE,35,NYANDARUA
960,10,OL̍KALOU,NJAMBINI HEALTH CENTRE,35,NYANDARUA
961,11,OL̍KALOU,NYAHURURU DISTRICT HOSPITAL,35,NYANDARUA
962,12,OL̍KALOU,OL̍KALOU DISTRICT HOSPITAL,35,NYANDARUA
963,13,OL̍KALOU,WANJOHI HEALTH CENTRE,35,NYANDARUA
964,14,OL̍KALOU,BENEDICT XVI CATHOLIC DISPENSARY,35,NYANDARUA
965,15,OL̍KALOU,CATHOLIC DISPENSARY DIMESE SISTERS,35,NYANDARUA
966,16,OL̍KALOU,CHARITY MEDICAL CENTRE,35,NYANDARUA
967,17,OL̍KALOU,FR BALOO CATHOLIC DISPENSARY,35,NYANDARUA
968,18,OL̍KALOU,GOOD HOPE MEDICAL CENTRE,35,NYANDARUA
969,19,OL̍KALOU,NJABINI CATHOLIC DISPENSARY,35,NYANDARUA
970,20,OL̍KALOU,NORTH KINANGOP CATHOLIC HOSPITAL,35,NYANDARUA
971,21,OL̍KALOU,NYAHURURU PRIVATE HOSPITAL,35,NYANDARUA
972,22,OL̍KALOU,OLJABET ANNEX MEDICAL AND NURSING HOME,35,NYANDARUA
973,23,OL̍KALOU,OLJABET MEDICAL CENTRE - LAIKIPIA,35,NYANDARUA
974,24,OL̍KALOU,OL-JOROOROK CATHOLIC DISPENSARY,35,NYANDARUA
975,25,OL̍KALOU,PARTNERS IN LIFE SUPPORT HEALTH SERVICES,35,NYANDARUA
976,26,OL̍KALOU,SIPILI MATERNITY & NURSING HOME,35,NYANDARUA
977,27,OL̍KALOU,ST. LAWRENCE DISPENSARY,35,NYANDARUA
978,28,OL̍KALOU,ST. MATHEWS AND SARAH HEALTH CENTRE,35,NYANDARUA
979,29,OL̍KALOU,WINGS MEDICAL AND EYE CLINIC,35,NYANDARUA
980,1,KARATINA,VIVA AFYA LIMITED - KARATINA,36,NYERI
981,2,NYERI,BATIAN MEDICAL CENTRE,36,NYERI
982,3,NYERI,CONSOLATA HOSPITAL (NYERI),36,NYERI
983,4,NYERI,MARY IMMACULATE HOSPITAL,36,NYERI
984,5,NYERI,EBENEZER NURSING HOME,36,NYERI
985,6,NYERI,EMMANUEL COMMUNITY HEALTH CLINIC,36,NYERI
986,7,NYERI,JAMII HOSPITAL,36,NYERI
987,8,NYERI,KARATINA MATERNITY AND NURSING HOME,36,NYERI
988,9,NYERI,MT. KENYA HOSPITAL,36,NYERI
989,10,NYERI,MUGUNDA CATHOLIC DISPENSARY,36,NYERI
990,11,NYERI,P.C.E.A HOSPITAL(TUMUTUMU) KARATINA,36,NYERI
991,12,NYERI,WAKA RURINGU MATERNITY,36,NYERI
992,13,NYERI,NGURANO HEALTH CENTRE,36,NYERI
993,14,NYERI,NYERI PRISON HOSPITAL NYERI,36,NYERI
994,15,KARATINA,SAGANA HEALTH CENTRE,36,NYERI
995,16,NYERI,BELLEVUE HEALTH CARE,36,NYERI
996,17,NYERI,GICHICHE HEALTH CENTRE,36,NYERI
997,18,NYERI,KARATINA DISTRICT HOSPITAL,36,NYERI
998,19,NYERI,KIGANJO HEALTH CENTRE,36,NYERI
999,20,NYERI,MUKURWE-INI SUB DISTRICT HOSPITAL,36,NYERI
1000,21,NYERI,NAROMORU HEALTH CENTRE,36,NYERI
1001,22,NYERI,NYERI PROVINCIAL GENERAL HOSPITAL,36,NYERI
1002,23,NYERI,OTHAYA SUB-DISTRICT HOSPITAL,36,NYERI
1003,24,NYERI,WARAZO HEALTH CENTRE,36,NYERI
1004,1,MARALAL,CATHOLIC HOSPITAL WAMBA VIA MARALAL,37,SAMBURU
1005,2,MARALAL,COUNTY MEDICARE LTD- MARALAL,37,SAMBURU
1006,3,MARALAL,SUGUTA MARMAR HEALTH CENTRE,37,SAMBURU
1007,4,MARALAL,BARAGOI SUB-DISTRICT HOSPITAL,37,SAMBURU
1008,5,MARALAL,MARALAL DISTRICT HOSPITAL,37,SAMBURU
1009,6,NANYUKI,SOUTH HORR CATHOLIC CENTRE,37,SAMBURU
1010,7,NANYUKI,SOUTH HORR DISPENSARY,37,SAMBURU
1011,8,NANYUKI,WAMBA DISTRICT HOSPITAL,37,SAMBURU
1012,1,SIAYA,BAMA NURSING & MATERNITY HOME,38,SIAYA
1013,2,SIAYA,BONDO MEDICAL CENTRE,38,SIAYA
1014,3,SIAYA,DIVINE MERCY ALUOR HEALTH CENTRE,38,SIAYA
1015,4,SIAYA,DOPHIL NURSING & MATERNITY HOME,38,SIAYA
1016,5,SIAYA,INUKA HOSPITAL,38,SIAYA
1017,6,SIAYA,MATANGWE COMMUNITY MEDICAL CENTRE,38,SIAYA
1018,7,SIAYA,MATIBABU HOSPTIAL,38,SIAYA
1019,8,SIAYA,OWENS MATERNITY & NURSING HOME,38,SIAYA
1020,9,SIAYA,PORT FLORENCE COMM HOSPITAL-MAGETA,38,SIAYA
1021,10,SIAYA,QUEENTERIC KAPIYO COMMUNITY,38,SIAYA
1022,11,SIAYA,RANG̍ALA MISSION HOSPITAL,38,SIAYA
1023,12,SIAYA,SAGAM COMMUNITY HOSPITAL,38,SIAYA
1024,13,SIAYA,SEGA COTTAGE HOSPITAL,38,SIAYA
1025,14,SIAYA,ST ANN̍S NYANGOMA DISPENSARY,38,SIAYA
1026,15,SIAYA,ST. ELIZABETH HOSPITAL LWAK,38,SIAYA
1027,16,SIAYA,ST.ANNE̍S SEGA MISSION HOSPITAL,38,SIAYA
1028,17,SIAYA,THE PORT FLORENCE HOSPITAL SIAYA CLINIC,38,SIAYA
1029,18,SIAYA,THE PORT FLORENCE HOSPITAL USENGE CLINIC,38,SIAYA
1030,19,SIAYA,ABIDHA HEALTH CENTRE,38,SIAYA
1031,20,SIAYA,AKALA HEALTH CENTRE,38,SIAYA
1032,21,SIAYA,AMBIRA SUB DISTRICT HOSPITAL,38,SIAYA
1033,22,SIAYA,BONDO DISTRICT HOSPITAL,38,SIAYA
1034,23,SIAYA,GOT AGULU SUB-DISTRICT HOSPITAL,38,SIAYA
1035,24,SIAYA,MADIANY DISTRICT HOSPITAL,38,SIAYA
1036,25,SIAYA,NGIYA HEALTH CENTRE,38,SIAYA
1037,26,SIAYA,SIAYA DISTRICT HOSPITAL,38,SIAYA
1038,27,SIAYA,YALA SUB DISTRICT HOSPITAL,38,SIAYA
1039,1,VOI,RIFLOT MEDICAL CENTER,39,TAITA TAVETA
1040,2,VOI,ST. JOSEPH SHELTER OF HOPE HEALTH CENTRE,39,TAITA TAVETA
1041,3,VOI,VOI MEDICAL CENTRE,39,TAITA TAVETA
1042,4,WUNDANYI,DAWIDA MATERNITY & NURSING HOME,39,TAITA TAVETA
1043,5,TAITA TAVETA,SAGALLA HEALTH CENTRE,39,TAITA TAVETA
1044,6,VOI,BUGUTA HEALTH CENTRE,39,TAITA TAVETA
1045,7,VOI,BURA HEALTH CENTRE,39,TAITA TAVETA
1046,8,VOI,MBALE HEALTH CENTRE,39,TAITA TAVETA
1047,9,VOI,MGHANGE NYIKA HEALTH CENTRE,39,TAITA TAVETA
1048,10,VOI,MOI HOSPITAL- VOI,39,TAITA TAVETA
1049,11,VOI,MWATATE SUB-DISTRICT HOSPITAL,39,TAITA TAVETA
1050,12,VOI,NDOVU HEALTH CENTRE,39,TAITA TAVETA
1051,13,VOI,NJUKINI HEALTH CENTRE,39,TAITA TAVETA
1052,14,VOI,TAVETA DISTRICT HOSPITAL,39,TAITA TAVETA
1053,15,VOI,WESU DISTRICT HOSPITAL,39,TAITA TAVETA
1054,16,VOI,WUNDANYI SUB-DISTRICT HOSPITAL,39,TAITA TAVETA
1055,17,WUNDANYI,MANYANI DISPENSARY,39,TAITA TAVETA
1056,18,WUNDANYI,MARUGU HEALTH CENTRE,39,TAITA TAVETA
1057,1,HOLA,HOLA DISTRICT HOSPITAL,40,TANA RIVER
1058,2,HOLA,NGAO HOSPITAL TANA RIVER,40,TANA RIVER
1059,3,HOLA,ST. RAPHAEL ARCHANGEL HEALTH CENTRE,40,TANA RIVER
1060,1,KITALE,ANDERSON MEDICAL CENTRE,42,TRANSNZOIA
1061,2,KITALE,CHERANGANY NURSING HOME,42,TRANSNZOIA
1062,3,KITALE,KIMININI COTTAGE HOSPITAL,42,TRANSNZOIA
1063,4,KITALE,MARIE STOPES KENYA - KITALE CENTRE,42,TRANSNZOIA
1064,5,KITALE,MATUNDA MATERNITY HOME,42,TRANSNZOIA
1065,6,KITALE,MOI̍S BRIDGE MISSION HEALTH CENTRE,42,TRANSNZOIA
1066,7,KITALE,SISTER FRIDAS MEDICAL CENTRE,42,TRANSNZOIA
1067,8,KITALE,CHESTA DISPENSARY,42,TRANSNZOIA
1068,9,KITALE,MT. ELGON HOSPITAL (KITALE),42,TRANSNZOIA
1069,10,KITALE,BIKEKE HEALTH CENTRE,42,TRANSNZOIA
1070,11,KITALE,ENDEBESS SUB-DISTRICT HOSPITAL,42,TRANSNZOIA
1071,12,KITALE,KAPSARA DISTRICT HOSPITAL,42,TRANSNZOIA
1072,13,KITALE,KITALE DISTRICT HOSPITAL,42,TRANSNZOIA
1073,14,KITALE,KONGONI HEALTH CENTRE,42,TRANSNZOIA
1074,15,KITALE,LODWAR DISTRICT,42,TRANSNZOIA
1075,16,KITALE,LOKITANG HOSPITAL LODWAR,42,TRANSNZOIA
1076,17,KITALE,LOPIDING DISTRICT HOSPITAL,42,TRANSNZOIA
1077,18,KITALE,LIKUYANI SUB DISTRICT HOSPITAL,42,TRANSNZOIA
1078,1,CHUKA,CHUKA DISTRICT HOSPITAL,42,THARAKA NITHI
1079,2,CHUKA,MAGUTUNI DISTRICT HOSPITAL,42,THARAKA NITHI
1080,3,CHUKA,THARAKA DISTRICT HOSPITAL,42,THARAKA NITHI
1081,4,CHUKA,CONSOLATA HOSPITAL CHUKA (MERU),42,THARAKA NITHI
1082,5,CHUKA,GATUNGA CATHOLIC HEALTH CENTRE,42,THARAKA NITHI
1083,6,CHUKA,P.C.E.A. CHOGORIA HOSPITAL (MERU),42,THARAKA NITHI
1084,7,CHUKA,ST. LUCIES HOSPITAL,42,THARAKA NITHI
1085,8,CHUKA,"ST. ORSOLA HOSPITAL, MATERI",42,THARAKA NITHI
1086,1,LODWAR,AIC KALOKOL HEALTH CENTRE,43,TURKANA
1087,2,KITALE,KAKUMA MISSION HOSPITAL,43,TURKANA
1088,3,LODWAR,GK PRISONS DISPENSARY,43,TURKANA
1089,4,LODWAR,MAKUTANO HEALTH CENTRE,43,TURKANA
1090,1,ELDORET,AMANI MEDICAL CENTRE,44,UASIN GISHU
1091,2,ELDORET,CEDAR CLINICAL ASSOCIATES,44,UASIN GISHU
1092,3,ELDORET,ELGON VIEW HOSPITAL,44,UASIN GISHU
1093,4,ELDORET,FAMILY HEALTHCARE MEDICAL CENTRE,44,UASIN GISHU
1094,5,ELDORET,GYNOCARE CENTRE & MAT. HOME,44,UASIN GISHU
1095,6,ELDORET,LELMOLOK NURSING HOME,44,UASIN GISHU
1096,7,ELDORET,PLATEAU MISSION HOSPITAL (ELDORET),44,UASIN GISHU
1097,8,ELDORET,RACECOURSE HOSPITAL,44,UASIN GISHU
1098,9,ELDORET,REALE MEDICAL CENTRE,44,UASIN GISHU
1099,10,ELDORET,ST MARYS MEDICAL CENTRE,44,UASIN GISHU
1100,11,ELDORET,ST. BRIGITAS CATHOLIC YA MUMBI,44,UASIN GISHU
1101,12,ELDORET,ST. LUKE̍S ORTHOPAEDICS & TRAUMA HOSPITA,44,UASIN GISHU
1102,13,ELDORET,TRINITY MISSION HOSPITAL,44,UASIN GISHU
1103,14,ELDORET,BURNT FOREST SUB-DISTRICT HOSPITAL,44,UASIN GISHU
1104,15,ELDORET,HURUMA DISTRICT HOSPITAL,44,UASIN GISHU
1105,16,ELDORET,KAMWOSOR SUB DISTRICT HOSPITAL,44,UASIN GISHU
1106,17,ELDORET,KAPCHEROP HEALTH CENTRE,44,UASIN GISHU
1107,18,ELDORET,MOI TEACHING & REFERRAL HOSPITAL.,44,UASIN GISHU
1108,19,ELDORET,MOIBEN HEALTH CENTRE,44,UASIN GISHU
1109,20,ELDORET,SOSIANI HEALTH CENTRE,44,UASIN GISHU
1110,21,ELDORET,SOY HEALTH CENTRE,44,UASIN GISHU
1111,22,ELDORET,TAMBACH DISTRICT HOSPITAL,44,UASIN GISHU
1112,23,ELDORET,TURBO RURAL & DEMONSTRATION CENTRE,44,UASIN GISHU
1113,24,ELDORET,UASIN GISHU DISTRICT HOSPITAL,44,UASIN GISHU
1114,25,ELDORET,UASIN GISHU MEMORIAL HOSPITAL (ELDORET,44,UASIN GISHU
1115,26,ELDORET,ZIWA SUB-DISTRICT HOSPITAL,44,UASIN GISHU
1116,1,VIHIGA,KIMA MISSION HOSPITAL,45,VIHIGA
1117,2,VIHIGA,SABATIA EYE HOSPITAL,45,VIHIGA
1118,3,VIHIGA,ITANDO MISSION OF HOPE AND HEALTH CENTRE,45,VIHIGA
1119,4,VIHIGA,VIHIGA DISTRICT HOSPITAL,45,VIHIGA
1120,1,WAJIR,AFYA MEDICAL CLINIC,46,WAJIR
1121,2,WAJIR,AIC WAJIR DISPENSARY,46,WAJIR
1122,3,WAJIR,AL-BUSHRA MEDICAL CENTRE,46,WAJIR
1123,4,WAJIR,BUNA NURSING HOME,46,WAJIR
1124,5,WAJIR,WAJIR CATHOLIC MISSION DISPENSARY,46,WAJIR
1125,6,WAJIR,AL-HAMDU NURSING HOME,46,WAJIR
1126,7,WAJIR,GRACIOUS DAY CARE CENTRE,46,WAJIR
1127,8,WAJIR,HIGHWAY MEDICAL CENTRE,46,WAJIR
1128,9,WAJIR,LADNAN HOSPITAL,46,WAJIR
1129,10,WAJIR,LIBAN PHARMACY & MEDICAL CLINIC,46,WAJIR
1130,11,WAJIR,MASHA̍ALLAH NURSING HOME,46,WAJIR
1131,12,WAJIR,SAMAAD HOSPITAL,46,WAJIR
1132,13,WAJIR,BUNA SUB-DISTRICT HOSPITAL,46,WAJIR
1133,14,WAJIR,BUTE DISTRICT HOSPITAL,46,WAJIR
1134,15,WAJIR,GRIFTU DISTRICT HOSPITAL,46,WAJIR
1135,16,WAJIR,HABASWEIN DISTRICT HOSPITAL,46,WAJIR
1136,17,WAJIR,KHOROF HARAR SUB-DISTRICT HOSPITAL,46,WAJIR
1137,18,WAJIR,WAJIR DISTRICT HOSPITAL (WAJIR),46,WAJIR
1138,1,KAPENGURIA,ORTUM MISSION HOSPITAL (KITALE),47,WEST POKOT
1139,2,KITALE,TUINA MEDICAL SERVICES,47,WEST POKOT
1140,3,KAPENGURIA,CHEPARERIA SUB DISTRICT HOSPITAL,47,WEST POKOT
1141,4,KAPENGURIA,KABICHBICH HEALTH CENTRE,47,WEST POKOT
1142,5,KAPENGURIA,KACHELIBA DISTRICT HOSPITAL,47,WEST POKOT
1143,6,KAPENGURIA,KAPENGURIA DISTRICT HOSPITAL,47,WEST POKOT
1144,7,KAPENGURIA,LOMUT DISPENSARY,47,WEST POKOT
1145,8,KAPENGURIA,SEREWO HEALTH CENTRE,47,WEST POKOT
1146,9,KAPENGURIA,SIGOR SUB-DISTRICT HOSPITAL,47,WEST POKOT
